{
  "model": "rgb_v2",
  "dataset": "dataset/dataset_v1/test",
  "weights": "_combined_issue/weights/rgb_v2/s2/lr5e4_sche_freeze/best_model.pth",
  "total_samples": 3450,
  "image_classifier_top1_percent": 88.14492753623189,
  "classification_macro_f1": 0.8837578920722393,
  "detector_class_top1_percent": 88.92753623188406,
  "detection_acc_iou50_percent": 93.27536231884058,
  "mean_bbox_iou": 0.8574300281506747,
  "segmentation_miou": 0.8837241840062151,
  "segmentation_hand_iou": 0.774962253108018,
  "segmentation_background_iou": 0.9924861149044123,
  "segmentation_dice": 0.8732154745837928,
  "speed_throughput_fps": 381.1903847521159,
  "speed_avg_image_latency_ms": 2.623361029030912,
  "speed_avg_batch_latency_ms": 20.95002601638269,
  "speed_warmup_batches": 5,
  "speed_measured_batches": 427,
  "speed_measured_images": 3410
}