{
  "train_loss": [
    3.211215763092041,
    2.659940455754598,
    2.5096821053822835,
    2.417492949167887,
    2.2919596529006956,
    2.1929251956939697,
    2.106343693733215,
    1.9458892440795899,
    1.8474839369455973,
    1.7672716172536214,
    1.680956932703654,
    1.5921223417917887,
    1.536500555674235,
    1.4852663882573445,
    1.3752602855364482,
    1.3460638523101807,
    1.284446496963501,
    1.2260568284988402,
    1.216240952014923,
    1.1651919150352479
  ],
  "val_loss": [
    2.8239272117614744,
    3.4208863377571106,
    3.4980491399765015,
    2.28662793636322,
    2.090408277511597,
    2.776035928726196,
    1.8900122404098512,
    1.685772454738617,
    1.5237052381038665,
    1.7352697730064393,
    1.2395411372184753,
    1.557143497467041,
    1.3859904170036317,
    1.1576473593711853,
    1.137112820148468,
    1.0797832250595092,
    1.0163353562355042,
    0.9832803726196289,
    0.9509008467197418,
    0.9740300476551056
  ],
  "train_miou": [
    0.6848396225507621,
    0.7980780136887832,
    0.8071130171408398,
    0.8105218222393897,
    0.8217068682534627,
    0.8282354457906396,
    0.8454135092566513,
    0.8623817819896745,
    0.8649439378327577,
    0.8731104017063627,
    0.8834496633120312,
    0.8913444001267634,
    0.8936154317061216,
    0.9005166320930414,
    0.9045411173195625,
    0.9085537229788454,
    0.9089407849853575,
    0.9143041252923354,
    0.9135192968189474,
    0.9183141353969808
  ],
  "val_miou": [
    0.7952255986228726,
    0.7946946274661189,
    0.754884238768861,
    0.7977284514823242,
    0.8130633743655951,
    0.8355837394652592,
    0.7979077084382726,
    0.8601646494669294,
    0.8669152941988121,
    0.8682246137758288,
    0.891813284331413,
    0.9006372011251811,
    0.8840952436330163,
    0.8960716993474696,
    0.9145305878545856,
    0.8916670253345278,
    0.9112938880150065,
    0.9092869536841849,
    0.9113431051094655,
    0.9097406040996698
  ],
  "train_hand_iou": [
    0.3984457355059431,
    0.6085668770895453,
    0.6258926876941059,
    0.6324663759023863,
    0.6540864177504491,
    0.6666894650916161,
    0.6998597612282478,
    0.7326929805067307,
    0.7376700924008672,
    0.7535016860226178,
    0.7735202941679243,
    0.7888495300656052,
    0.7932624929841418,
    0.806629071067271,
    0.8144490059225618,
    0.8222300387932135,
    0.8229794500222051,
    0.8333955297371873,
    0.8318738421707869,
    0.8411744027895347
  ],
  "train_background_iou": [
    0.9712335095955812,
    0.9875891502880211,
    0.9883333465875737,
    0.9885772685763932,
    0.9893273187564763,
    0.9897814264896629,
    0.9909672572850546,
    0.9920705834726183,
    0.9922177832646483,
    0.9927191173901074,
    0.9933790324561382,
    0.9938392701879217,
    0.9939683704281015,
    0.9944041931188119,
    0.9946332287165635,
    0.9948774071644771,
    0.99490211994851,
    0.9952127208474834,
    0.995164751467108,
    0.9954538680044269
  ],
  "val_hand_iou": [
    0.6029209430837521,
    0.6045006734855872,
    0.523529591237424,
    0.6094570034419021,
    0.6386101343062535,
    0.6809046758281246,
    0.6064034408799628,
    0.7277598842706342,
    0.7412494439413668,
    0.7436397972949491,
    0.7894772332440363,
    0.8067215805885232,
    0.7744927474145509,
    0.7977242399395489,
    0.8337374495940477,
    0.7890785846869355,
    0.8273740610323,
    0.8234131386435742,
    0.8274465977782229,
    0.8243164457031253
  ],
  "val_background_iou": [
    0.987530254161993,
    0.9848885814466504,
    0.986238886300298,
    0.9859998995227464,
    0.9875166144249368,
    0.9902628031023937,
    0.9894119759965825,
    0.9925694146632246,
    0.9925811444562573,
    0.9928094302567085,
    0.9941493354187897,
    0.9945528216618391,
    0.9936977398514817,
    0.9944191587553903,
    0.9953237261151235,
    0.99425546598212,
    0.995213714997713,
    0.9951607687247955,
    0.995239612440708,
    0.9951647624962143
  ],
  "train_dice": [
    0.5698408245519653,
    0.7566572279427431,
    0.7699065165017346,
    0.7748599116508906,
    0.7908733313220768,
    0.8000164146414268,
    0.8234323527048587,
    0.8457274182440015,
    0.8490335370641717,
    0.8594251058084226,
    0.8722993435277648,
    0.8819629787829886,
    0.8847143082372568,
    0.8929658932043563,
    0.8977370025435935,
    0.9024437324474598,
    0.9028949284230062,
    0.9091279172657877,
    0.9082217596218405,
    0.9137367992028179
  ],
  "val_dice": [
    0.7522778284047283,
    0.753506288249018,
    0.6872588419004172,
    0.7573448711441793,
    0.779453417181049,
    0.8101645329681364,
    0.754982746485882,
    0.8424317416975503,
    0.8513994896257114,
    0.852974104455081,
    0.882355157782969,
    0.8930225766448652,
    0.8729173433286697,
    0.887482320387885,
    0.9093313219715509,
    0.882106120369233,
    0.9055333318728503,
    0.9031558687309955,
    0.9055767744832793,
    0.9036989691614806
  ],
  "train_acc": [
    0.11541666666666667,
    0.17791666666666667,
    0.215,
    0.26166666666666666,
    0.2791666666666667,
    0.31916666666666665,
    0.3408333333333333,
    0.37583333333333335,
    0.4025,
    0.43375,
    0.48041666666666666,
    0.505,
    0.5258333333333334,
    0.5408333333333334,
    0.585,
    0.5929166666666666,
    0.6175,
    0.6454166666666666,
    0.6541666666666667,
    0.6633333333333333
  ],
  "val_acc": [
    0.15666666666666668,
    0.1,
    0.1,
    0.24333333333333335,
    0.33666666666666667,
    0.22333333333333333,
    0.4066666666666667,
    0.39666666666666667,
    0.5233333333333333,
    0.4766666666666667,
    0.6733333333333333,
    0.46,
    0.5366666666666666,
    0.68,
    0.69,
    0.76,
    0.7933333333333333,
    0.7633333333333333,
    0.7666666666666667,
    0.78
  ],
  "train_macro_f1": [
    0.10768062547349481,
    0.16701844230070068,
    0.20667120354738078,
    0.25100933862153496,
    0.264455945160849,
    0.3050112351268871,
    0.32703992563566403,
    0.3673341901687719,
    0.3964188849479701,
    0.4300398573649872,
    0.47211189714836566,
    0.5050133170809626,
    0.5264686082300712,
    0.5427353157254978,
    0.5854525719508351,
    0.5933385857147677,
    0.618492032292781,
    0.6461847632252271,
    0.6561521495899345,
    0.6658088971097793
  ],
  "val_macro_f1": [
    0.08708455833649605,
    0.02120141342756184,
    0.018633540372670808,
    0.19739452900310075,
    0.2886615165989259,
    0.17660764271871968,
    0.3840853558207191,
    0.36107821638297954,
    0.5144252240360981,
    0.4426739566839156,
    0.6725509760099275,
    0.424114035957557,
    0.5173384653267556,
    0.6852597584907583,
    0.686577262744886,
    0.7619550766635741,
    0.7936434519769463,
    0.7636303231635984,
    0.768721153032539,
    0.7824796558179516
  ],
  "train_det_acc_iou50": [
    0.75,
    0.8441666666666666,
    0.8520833333333333,
    0.87375,
    0.8941666666666667,
    0.8983333333333333,
    0.91625,
    0.9316666666666666,
    0.9408333333333333,
    0.94,
    0.9525,
    0.95875,
    0.96,
    0.96875,
    0.9708333333333333,
    0.9708333333333333,
    0.9733333333333334,
    0.975,
    0.9754166666666667,
    0.9766666666666667
  ],
  "val_det_acc_iou50": [
    0.9033333333333333,
    0.8733333333333333,
    0.8566666666666667,
    0.8666666666666667,
    0.8866666666666667,
    0.9433333333333334,
    0.9133333333333333,
    0.94,
    0.9566666666666667,
    0.9333333333333333,
    0.9833333333333333,
    0.9766666666666667,
    0.9666666666666667,
    0.9766666666666667,
    0.9933333333333333,
    0.98,
    0.9733333333333334,
    0.99,
    0.9933333333333333,
    0.9933333333333333
  ],