{
  "train_loss": [
    2.3430473518371584,
    1.3386907029151915,
    0.9687788732846578,
    0.7745789901415507,
    0.6780251733462016,
    0.5860493258635203,
    0.5224105044205983,
    0.493779437939326,
    0.4588863654931386,
    0.4268205563227336,
    0.3802086442708969,
    0.32281079471111296,
    0.3209769254922867,
    0.29295993864536285,
    0.2847332799434662,
    0.2655800857146581,
    0.24604228138923645,
    0.24927390813827516,
    0.24099164048830668,
    0.2401376622915268
  ],
  "val_loss": [
    1.1280117094516755,
    0.7438498973846436,
    0.7060547828674316,
    0.6383217692375183,
    0.5320117205381394,
    0.6394577622413635,
    0.558394780755043,
    0.4663445010781288,
    0.4915310576558113,
    0.46380059272050855,
    0.39342178255319593,
    0.4646604910492897,
    0.380044612288475,
    0.3783093631267548,
    0.3318294271826744,
    0.33522999584674834,
    0.30909893959760665,
    0.30698646008968355,
    0.31135377287864685,
    0.311757855117321
  ],
  "train_miou": [
    0.7837001762588929,
    0.906146820106881,
    0.9202812639701842,
    0.9315861033590667,
    0.933922870853996,
    0.9398859628547171,
    0.9425285421416313,
    0.9454248886033999,
    0.9444192454109587,
    0.9495799249190396,
    0.9522287442005547,
    0.9527163823283582,
    0.9544675014582658,
    0.9561911627666064,
    0.9570703579451711,
    0.9583485211806025,
    0.9590093135393174,
    0.9592141067253228,
    0.9597255766598263,
    0.9594083074831379
  ],
  "val_miou": [
    0.8790771282905842,
    0.9174436260356307,
    0.9020461005454843,
    0.9345155205276355,
    0.931753108708016,
    0.924969767826808,
    0.9439078290795331,
    0.9490490600699237,
    0.9452952087260498,
    0.9452507332626647,
    0.9544581029933441,
    0.9565576240515099,
    0.9513054607402056,
    0.9522169937373768,
    0.9470032091491927,
    0.9552623988848353,
    0.9586575161809188,
    0.9557611600196361,
    0.9550286552757701,
    0.9556645770188044
  ],
  "train_hand_iou": [
    0.5854648040138168,
    0.8179121969914174,
    0.8451060979840876,
    0.866981491215267,
    0.871501991157824,
    0.883067598912622,
    0.8881950605141036,
    0.8938336421725667,
    0.8918883457262254,
    0.901904786515324,
    0.9070541703555048,
    0.9080023828079332,
    0.9114164220915338,
    0.9147598150400218,
    0.9164633825450659,
    0.9189660979534003,
    0.9202347591217166,
    0.920630053804966,
    0.9216334786542157,
    0.921011423834404
  ],
  "train_background_iou": [
    0.9819355485039688,
    0.9943814432223445,
    0.9954564299562807,
    0.9961907155028663,
    0.9963437505501678,
    0.9967043267968122,
    0.996862023769159,
    0.9970161350342331,
    0.9969501450956919,
    0.9972550633227553,
    0.9974033180456046,
    0.9974303818487831,
    0.9975185808249978,
    0.9976225104931911,
    0.9976773333452765,
    0.9977309444078047,
    0.9977838679569183,
    0.9977981596456795,
    0.9978176746654369,
    0.9978051911318716
  ],
  "val_hand_iou": [
    0.7656921580248791,
    0.8393508124236192,
    0.8099335280090607,
    0.8725085923248821,
    0.8672301854373287,
    0.8540631356392141,
    0.8908304028116905,
    0.9007966233924395,
    0.8934834390366763,
    0.8934396649087656,
    0.9113648973925144,
    0.9154065129767708,
    0.905220586364266,
    0.9069935761486635,
    0.8968813479266166,
    0.9129015101652399,
    0.9195095105059432,
    0.9138861469988054,
    0.9124580285302574,
    0.9137006401525194
  ],
  "val_background_iou": [
    0.9924620985562892,
    0.9955364396476423,
    0.9941586730819078,
    0.996522448730389,
    0.9962760319787033,
    0.9958764000144018,
    0.9969852553473757,
    0.9973014967474079,
    0.9971069784154232,
    0.9970618016165639,
    0.9975513085941738,
    0.9977087351262489,
    0.997390335116145,
    0.9974404113260901,
    0.9971250703717687,
    0.9976232876044308,
    0.9978055218558942,
    0.9976361730404667,
    0.9975992820212829,
    0.9976285138850894
  ],
  "train_dice": [
    0.7385402722679609,
    0.8998368549867636,
    0.9160514930902103,
    0.9287521009658496,
    0.9313396355177377,
    0.9379032376984763,
    0.9407873996580337,
    0.943941032906332,
    0.9428551613428992,
    0.9484226475582901,
    0.9512620925565168,
    0.9517832797165182,
    0.9536555316336902,
    0.9554825705603204,
    0.9564110547502361,
    0.9577721033565818,
    0.9584606827371634,
    0.9586750472649358,
    0.9592187988936023,
    0.9588817769714602
  ],
  "val_dice": [
    0.8672997210129653,
    0.9126598436299916,
    0.8949870428666993,
    0.9319141133997008,
    0.9288947792306738,
    0.921288082614041,
    0.9422636757765409,
    0.9478095786857472,
    0.9437457129186644,
    0.9437212935452216,
    0.9536273253064332,
    0.9558352305632705,
    0.9502527873601232,
    0.951228769192201,
    0.9456377953285813,
    0.9544678649831604,
    0.9580671577538362,
    0.9550057598064383,
    0.9542254155836196,
    0.9549044620476259
  ],
  "train_acc": [
    0.6816666666666666,
    0.8545833333333334,
    0.8808333333333334,
    0.8991666666666667,
    0.9070833333333334,
    0.9170833333333334,
    0.9295833333333333,
    0.9225,
    0.9279166666666666,
    0.93625,
    0.9516666666666667,
    0.9616666666666667,
    0.9641666666666666,
    0.96625,
    0.9691666666666666,
    0.9733333333333334,
    0.9770833333333333,
    0.9783333333333334,
    0.98125,
    0.98125
  ],
  "val_acc": [
    0.8766666666666667,
    0.95,
    0.9333333333333333,
    0.92,
    0.94,
    0.91,
    0.92,
    0.9433333333333334,
    0.94,
    0.9433333333333334,
    0.9633333333333334,
    0.94,
    0.9633333333333334,
    0.97,
    0.9766666666666667,
    0.97,
    0.9766666666666667,
    0.98,
    0.98,
    0.9766666666666667
  ],
  "train_macro_f1": [
    0.6800243154692633,
    0.8543005383178572,
    0.8806783030310402,
    0.8990505357276868,
    0.9070170416200181,
    0.9172334499579963,
    0.9296040928299872,
    0.9226039990324926,
    0.9278849312285118,
    0.9362065045664648,
    0.9516764528454011,
    0.9616591667613207,
    0.9641955761290235,
    0.9662452378214061,
    0.9691989680344719,
    0.9733323395629963,
    0.9770822920422393,
    0.9783233494126989,
    0.9812358878509018,
    0.9812440355241232
  ],
  "val_macro_f1": [
    0.8768629351871249,
    0.9497517232782405,
    0.9336378513969572,
    0.9200076344499974,
    0.9398195067061424,
    0.9103217539290778,
    0.9197414139604133,
    0.9428287669146707,
    0.939790376409098,
    0.9434447200651903,
    0.9633536456183099,
    0.9409984266552487,
    0.9631157390104029,
    0.9698232757149892,
    0.9765123692181813,
    0.9698121675818314,
    0.9765813062900326,
    0.9799137134401669,
    0.9798633495611409,
    0.9765309424110068
  ],
  "train_det_acc_iou50": [
    0.9941666666666666,
    0.99125,
    0.99375,
    0.9945833333333334,
    0.9954166666666666,
    0.9945833333333334,
    0.99375,
    0.9945833333333334,
    0.995,
    0.9954166666666666,
    0.9954166666666666,
    0.995,
    0.9970833333333333,
    0.99625,
    0.9970833333333333,
    0.9954166666666666,
    0.9966666666666667,
    0.9958333333333333,
    0.9966666666666667,
    0.9970833333333333
  ],
  "val_det_acc_iou50": [
    0.9933333333333333,
    0.9933333333333333,
    0.99,
    0.9933333333333333,
    1.0,
    1.0,
    1.0,
    0.9933333333333333,
    1.0,
    1.0,
    1.0,
    1.0,
    0.9966666666666667,
    0.9966666666666667,
    1.0,
    1.0,
    1.0,
    1.0,
    1.0,
    1.0
  ],