{
  "train_loss": [
    3.4730684026082357,
    3.0175433921813966,
    2.803470567067464,
    2.6719545968373617,
    2.6231787554423014,
    2.504740800857544,
    2.4357074610392253,
    2.2578292338053387,
    2.191949841181437,
    2.0624696016311646,
    1.9401837984720867,
    1.871838502883911,
    1.745803682009379,
    1.7183148638407388,
    1.648887038230896,
    1.6085853354136148,
    1.5014403438568116,
    1.4700178178151448,
    1.441404897371928,
    1.4311402034759522
  ],
  "val_loss": [
    3.4541882514953612,
    2.991293501853943,
    2.6715778589248655,
    2.7925527095794678,
    2.673383903503418,
    2.2694809079170226,
    2.208764338493347,
    1.954766047000885,
    2.2079365253448486,
    1.7092594742774962,
    1.6486862301826477,
    1.4803075432777404,
    1.4463910579681396,
    1.357839149236679,
    1.3355381071567536,
    1.1872301876544953,
    1.3296892464160919,
    1.6525400042533875,
    1.2701116681098938,
    1.2108768045902252
  ],
  "train_miou": [
    0.6967538793380493,
    0.7803947580806498,
    0.814963096041873,
    0.8236317629261453,
    0.8365721353968163,
    0.8521617263377752,
    0.8607455476947229,
    0.8582718461367943,
    0.8675576317030983,
    0.8729893468019443,
    0.8746100387533089,
    0.8731891189816323,
    0.8891232665566611,
    0.892348849216539,
    0.8905181707762085,
    0.8963636562928803,
    0.90032965317841,
    0.9049887873754887,
    0.9005149836955195,
    0.9070691282068246
  ],
  "val_miou": [
    0.5809097163763413,
    0.6751537206465913,
    0.8166605014677978,
    0.6962445129264179,
    0.8581041234310902,
    0.8663412792540534,
    0.8460157852804484,
    0.875798691702701,
    0.8321664912260636,
    0.8704958113369223,
    0.8644146672449194,
    0.8892735327148575,
    0.8764265761790002,
    0.8769556242197342,
    0.8809130820221277,
    0.8974537948347516,
    0.8775391434994974,
    0.8615752616352941,
    0.9083735065204965,
    0.876388576534944
  ],
  "train_hand_iou": [
    0.4187796236303746,
    0.5743986737096325,
    0.6410022702861234,
    0.6577928693127083,
    0.6827918356800717,
    0.7129053574986909,
    0.7295766254782673,
    0.7248274153245358,
    0.742834616491294,
    0.753291126449429,
    0.7564319847944445,
    0.7536959863426825,
    0.7845975553099027,
    0.7908111835667853,
    0.787261359676768,
    0.7986477735744728,
    0.8063010614645916,
    0.8153403437980336,
    0.8066741782099781,
    0.8193779245275342
  ],
  "train_background_iou": [
    0.9747281350457241,
    0.9863908424516671,
    0.9889239217976225,
    0.9894706565395822,
    0.9903524351135607,
    0.9914180951768596,
    0.9919144699111785,
    0.9917162769490528,
    0.9922806469149026,
    0.9926875671544596,
    0.9927880927121734,
    0.9926822516205821,
    0.9936489778034195,
    0.9938865148662928,
    0.993774981875649,
    0.9940795390112879,
    0.9943582448922285,
    0.994637230952944,
    0.994355789181061,
    0.9947603318861149
  ],
  "val_hand_iou": [
    0.18439790633669592,
    0.3685125641559149,
    0.6436851149926313,
    0.4082024327555339,
    0.7249333973027177,
    0.7399225461510768,
    0.7004020672767762,
    0.7585101525408172,
    0.6733559505951936,
    0.7478905296891786,
    0.7369523201665203,
    0.7847838973834244,
    0.759462542883289,
    0.7605168010963227,
    0.7684339743691874,
    0.8005264758339478,
    0.7616623159117315,
    0.7306842052556394,
    0.8217386271559208,
    0.7600472336858396
  ],
  "val_background_iou": [
    0.9774215264159866,
    0.9817948771372677,
    0.9896358879429643,
    0.9842865930973018,
    0.9912748495594628,
    0.9927600123570299,
    0.9916295032841205,
    0.9930872308645848,
    0.9909770318569336,
    0.9931010929846662,
    0.9918770143233185,
    0.9937631680462908,
    0.9933906094747115,
    0.9933944473431456,
    0.993392189675068,
    0.9943811138355556,
    0.9934159710872632,
    0.9924663180149489,
    0.9950083858850722,
    0.9927299193840484
  ],
  "train_dice": [
    0.5903378039202465,
    0.7296737266123603,
    0.781232642870578,
    0.7935766662881324,
    0.8114988689663247,
    0.8323931668235625,
    0.843647647327013,
    0.8404636995964672,
    0.852444184275823,
    0.8592881297185491,
    0.861327955016681,
    0.8595514755262784,
    0.8792991483994879,
    0.8831876758684463,
    0.8809694848649856,
    0.8880535536841782,
    0.8927648648014674,
    0.8982782171768278,
    0.8929935324688341,
    0.9007231685965571
  ],
  "val_dice": [
    0.31137830512894543,
    0.538559270565718,
    0.7832219311610873,
    0.5797496485739966,
    0.8405349428984303,
    0.8505235451863954,
    0.8238075932223282,
    0.862673612028761,
    0.8047970312062876,
    0.8557635812835183,
    0.8485579156206997,
    0.8794161562460909,
    0.8632892424509734,
    0.8639699440786112,
    0.8690558827827237,
    0.889213778945593,
    0.8647086436852575,
    0.8443876740040047,
    0.9021476680645572,
    0.8636668597741787
  ],
  "train_acc": [
    0.14291666666666666,
    0.1875,
    0.21833333333333332,
    0.24416666666666667,
    0.26166666666666666,
    0.2725,
    0.2925,
    0.3829166666666667,
    0.3925,
    0.43875,
    0.4795833333333333,
    0.5258333333333334,
    0.565,
    0.5725,
    0.5954166666666667,
    0.6079166666666667,
    0.6358333333333334,
    0.6495833333333333,
    0.665,
    0.6629166666666667
  ],
  "val_acc": [
    0.15333333333333332,
    0.21333333333333335,
    0.25,
    0.21666666666666667,
    0.22666666666666666,
    0.25,
    0.35333333333333333,
    0.44333333333333336,
    0.31666666666666665,
    0.5466666666666666,
    0.5866666666666667,
    0.6333333333333333,
    0.6733333333333333,
    0.7133333333333334,
    0.6733333333333333,
    0.75,
    0.6466666666666666,
    0.6133333333333333,
    0.73,
    0.7466666666666667
  ],
  "train_macro_f1": [
    0.13473550391726094,
    0.17787365132382096,
    0.20388278763803683,
    0.23022534095040492,
    0.24058791086060283,
    0.2557014431348936,
    0.28480956310718036,
    0.3653447870292412,
    0.38196807973285773,
    0.43493221067494287,
    0.4751130259846903,
    0.52123332813407,
    0.5575080688966239,
    0.5677218720917547,
    0.590552194375914,
    0.6009288847689029,
    0.6301485280700568,
    0.6447931063767266,
    0.6595462658105915,
    0.6590229994547496
  ],
  "val_macro_f1": [
    0.10053461486499529,
    0.1552793517886124,
    0.18887005411051988,
    0.16599636333715956,
    0.1747787862614139,
    0.17813210288340256,
    0.2828418390781958,
    0.4031711344456639,
    0.27637988485888226,
    0.5050379754203327,
    0.5489222125095913,
    0.5971542656982289,
    0.6666939430208212,
    0.6956574647613355,
    0.6620038631550972,
    0.7238985869686123,
    0.6193537382851455,
    0.5916592105994558,
    0.7259426705291366,
    0.7350929199749493
  ],
  "train_det_acc_iou50": [
    0.7129166666666666,
    0.84125,
    0.88375,
    0.89375,
    0.8945833333333333,
    0.9129166666666667,
    0.92625,
    0.9204166666666667,
    0.9354166666666667,
    0.9416666666666667,
    0.9470833333333334,
    0.9429166666666666,
    0.9629166666666666,
    0.9529166666666666,
    0.95875,
    0.965,
    0.9720833333333333,
    0.9695833333333334,
    0.9704166666666667,
    0.9729166666666667
  ],
  "val_det_acc_iou50": [
    0.7166666666666667,
    0.86,
    0.96,
    0.8533333333333334,
    0.9266666666666666,
    0.9633333333333334,
    0.94,
    0.9266666666666666,
    0.9766666666666667,
    0.9766666666666667,
    0.9266666666666666,
    0.9433333333333334,
    0.98,
    0.97,
    0.93,
    0.99,
    0.9633333333333334,
    0.9666666666666667,
    0.98,
    0.93
  ],