{
  "train": {
    "loss": [
      2.5533439111709595,
      1.5278803698221843,
      1.1745148130257925,
      1.0356020538012187,
      0.9562742368380228,
      0.8917440903186798,
      0.8483167203267415,
      0.7962366457780202,
      0.7757567318280538,
      0.7559281253814697,
      0.7131166628996531,
      0.7147739271322886,
      0.6754074124495189,
      0.6546794958909352,
      0.6246281739075978,
      0.5925433786710104,
      0.5948980754613876,
      0.5579120695590973,
      0.5409678018093109,
      0.5243741106987,
      0.5082949231068293,
      0.5057338430484136,
      0.4896932810544968,
      0.46911429087320966,
      0.43993827362855276,
      0.44795114040374756,
      0.41599602977434796,
      0.4079370528459549,
      0.3935132700204849,
      0.38023016015688577,
      0.3611220345894496,
      0.35989008903503417,
      0.3413531963030497,
      0.335677174727122,
      0.3183158899346987,
      0.3064693839351336,
      0.2936115226149559,
      0.2801912646492322,
      0.2736993690331777,
      0.2654224003354708,
      0.2528493466973305,
      0.24408665796120962,
      0.23121817032496134,
      0.2219378137588501,
      0.21755800724029542,
      0.20964567730824152,
      0.20956032693386079,
      0.20711881428956985,
      0.20356681307156882,
      0.20273456931114198
    ],
    "det_acc_iou50": [
      0.013333333333333334,
      0.50125,
      0.75375,
      0.8254166666666667,
      0.8575,
      0.88375,
      0.8991666666666667,
      0.92,
      0.9170833333333334,
      0.9183333333333333,
      0.9358333333333333,
      0.9279166666666666,
      0.9379166666666666,
      0.9541666666666667,
      0.96125,
      0.96125,
      0.9670833333333333,
      0.9679166666666666,
      0.9729166666666667,
      0.9775,
      0.9725,
      0.97375,
      0.9779166666666667,
      0.98125,
      0.9858333333333333,
      0.98375,
      0.9833333333333333,
      0.9891666666666666,
      0.9891666666666666,
      0.9891666666666666,
      0.9904166666666666,
      0.9925,
      0.9920833333333333,
      0.9916666666666667,
      0.9925,
      0.995,
      0.9954166666666666,
      0.9954166666666666,
      0.995,
      0.9945833333333334,
      0.99625,
      0.9958333333333333,
      0.99625,
      0.99625,
      0.9970833333333333,
      0.9958333333333333,
      0.9954166666666666,
      0.9966666666666667,
      0.9975,
      0.9975
    ],
    "mean_bbox_iou": [
      0.034393659208080865,
      0.43639752596616743,
      0.5710577255487442,
      0.6256302491823832,
      0.656229339838028,
      0.682560259103775,
      0.7004028153419495,
      0.7251926704247793,
      0.7321673075358073,
      0.7339950235684712,
      0.7568267524242401,
      0.7530756906668346,
      0.7785293531417846,
      0.7847560401757558,
      0.804661477804184,
      0.8116288860638936,
      0.8156836533546448,
      0.8283478526274363,
      0.8391929121812185,
      0.843527905146281,
      0.8481380486488342,
      0.8481042993068695,
      0.8558472017447154,
      0.8634015329678854,
      0.87492795864741,
      0.8728817319869995,
      0.8802308348814646,
      0.8861887204647064,
      0.8888791275024414,
      0.8944198389848074,
      0.8987152564525605,
      0.9005017733573913,
      0.9048444362481435,
      0.9055015663305919,
      0.9106390778223673,
      0.9143570069471995,
      0.91602348446846,
      0.9201939384142558,
      0.921383653084437,
      0.9247182655334473,
      0.9276729087034862,
      0.9301799011230468,
      0.9335040978590647,
      0.9351972528298695,
      0.9361786226431529,
      0.9376251395543417,
      0.9367494507630666,
      0.9386273356278737,
      0.9395707333087921,
      0.9402340122063955
    ],
    "top1_acc": [
      0.10208333333333333,
      0.10291666666666667,
      0.09541666666666666,
      0.10541666666666667,
      0.1075,
      0.10875,
      0.10083333333333333,
      0.10875,
      0.10416666666666667,
      0.1025,
      0.1025,
      0.10458333333333333,
      0.09791666666666667,
      0.10708333333333334,
      0.10416666666666667,
      0.09125,
      0.09291666666666666,
      0.10375,
      0.10791666666666666,
      0.09958333333333333,
      0.10166666666666667,
      0.09541666666666666,
      0.10958333333333334,
      0.09541666666666666,
      0.09125,
      0.10208333333333333,
      0.09333333333333334,
      0.10541666666666667,
      0.10416666666666667,
      0.1,
      0.09458333333333334,
      0.10041666666666667,
      0.10166666666666667,
      0.10791666666666666,
      0.0975,
      0.09458333333333334,
      0.10041666666666667,
      0.09625,
      0.09958333333333333,
      0.10458333333333333,
      0.105,
      0.08875,
      0.09041666666666667,
      0.08833333333333333,
      0.105,
      0.09583333333333334,
      0.105,
      0.0925,
      0.09541666666666666,
      0.10083333333333333
    ],
    "macro_f1": [
      0.07816540183092907,
      0.07644767662703918,
      0.07095876887082839,
      0.07300868085785668,
      0.07541703019263692,
      0.07912870165808085,
      0.06729666977678635,
      0.07735095880696083,
      0.0747545248624543,
      0.0736934348694144,
      0.07204514171736484,
      0.07282593162097654,
      0.07030157974711557,
      0.07792466572814177,
      0.07590188462022747,
      0.06722425950201642,
      0.07120796049771755,
      0.08108653530006878,
      0.0793936342741701,
      0.07593453239421714,
      0.07577317299012919,
      0.07167912166814935,
      0.08065552508334795,
      0.06890131675409746,
      0.06828616036722948,
      0.07244630842070013,
      0.0696903840190412,
      0.07474466809592567,
      0.07372716717421632,
      0.06825618343514453,
      0.07035677415533495,
      0.07129030493010344,
      0.07277901078252756,
      0.08050815530396907,
      0.06907031008709548,
      0.06488553426697155,
      0.07204115874699608,
      0.06971103402982955,
      0.07361167071000063,
      0.08007361196860524,
      0.07481362594005267,
      0.06531650409410698,
      0.06300964400358693,
      0.06510812658106331,
      0.07309624858615782,
      0.06586780992991778,
      0.07630440294135137,
      0.06122406128460791,
      0.06719639811697545,
      0.07130375146702171
    ]
  },
  "val": {
    "loss": [
      2.100440263748169,
      1.2158902005145424,
      1.0666146592090004,
      0.9267446022284659,
      0.8110419794132835,
      0.8686455833284479,
      0.8304283148364017,
      0.6969182114852103,
      0.7011105198609201,
      0.7098525982154044,
      0.6427593466482664,
      0.7545665471177352,
      0.6461226469592044,
      0.6253582741084852,
      0.6233836334002646,
      0.5324285108792154,
      0.4731683401685012,
      0.5172100976893776,
      0.5516283966993031,
      0.4518370769525829,
      0.4209828815962139,
      0.42534349309770686,
      0.44535944336339045,
      0.4085597066502822,
      0.4138002850507435,
      0.4039654763121354,
      0.373120715743617,
      0.3482071992598082,
      0.38258228647081477,
      0.3510443819196601,
      0.326970542732038,
      0.30988044879938426,
      0.3032080413479554,
      0.29304834886601094,
      0.2780207999442753,
      0.27894210344866704,
      0.25801536911412287,
      0.26029353628033086,
      0.2304339902965646,
      0.2379878884867618,
      0.2192620846785997,
      0.22046736980739393,
      0.21111070325500086,
      0.20710770942662893,
      0.2081891682587172,
      0.19963321168171733,
      0.19663806220418528,
      0.19388625692380101,
      0.19289746017832504,
      0.19247494951674812
    ],