{
  "train_loss": [
    1.7518466520309448,
    1.0487743353843688,
    0.7635425941149394,
    0.6570308760801951,
    0.5768793789545695,
    0.5894542833169302,
    0.5157001721858978,
    0.48527875264485676,
    0.4733227570851644,
    0.44732065161069234,
    0.4446726429462433,
    0.4424200852711995,
    0.4347501015663147,
    0.40381474216779073,
    0.4029258777697881,
    0.3767681384086609,
    0.3817666671673457,
    0.39124402741591136,
    0.384645792444547,
    0.3791320000092189
  ],
  "val_loss": [
    1.0332340121269226,
    0.6526823669672013,
    0.5027567476034165,
    0.4880087196826935,
    0.383993025124073,
    0.38468063473701475,
    0.34591632038354875,
    0.3471187800168991,
    0.3260396957397461,
    0.32596632838249207,
    0.3126633495092392,
    0.31367303133010865,
    0.2987339437007904,
    0.3094302326440811,
    0.30342814028263093,
    0.3109149307012558,
    0.30036198496818545,
    0.3029174119234085,
    0.3028516724705696,
    0.3036235570907593
  ],
  "train_miou": [
    0.746105469853317,
    0.8919722441837835,
    0.9163897057423427,
    0.9254036672391823,
    0.932097342587348,
    0.9349242433062651,
    0.9362405695958932,
    0.9394881704927107,
    0.9425422969903998,
    0.9438937033596834,
    0.9457812164973867,
    0.9456678661426692,
    0.9475814605225308,
    0.9480351379811658,
    0.9501566900108506,
    0.9510994968090938,
    0.9511161040693622,
    0.9517400569198717,
    0.9522031278293245,
    0.952176493581671
  ],
  "val_miou": [
    0.8703544759802457,
    0.9093457428565802,
    0.9246134393242154,
    0.9381229387180361,
    0.9395874172104459,
    0.9320781891577599,
    0.943539329770796,
    0.946507567751287,
    0.9500795080104383,
    0.9503213829754862,
    0.9516150020906761,
    0.9530222823050664,
    0.955228244229664,
    0.955029764404675,
    0.9520655058887137,
    0.9553520800584767,
    0.9560817017904912,
    0.9559175264317907,
    0.9564213242164856,
    0.9565780985192373
  ],
  "train_hand_iou": [
    0.5161085826118542,
    0.7906838488679124,
    0.8376315234738122,
    0.8550086678057452,
    0.8679649943633507,
    0.8734428309438176,
    0.8759887144884804,
    0.8822791556974756,
    0.8882193522412624,
    0.8908518703530356,
    0.8945037013428387,
    0.8943044084915076,
    0.8980209355496215,
    0.8988879316912451,
    0.903025474832924,
    0.9048521155280752,
    0.9048917354465221,
    0.9060954835416357,
    0.9070001663799019,
    0.9069494434604233
  ],
  "train_background_iou": [
    0.9761023570947799,
    0.9932606394996546,
    0.9951478880108731,
    0.9957986666726193,
    0.9962296908113454,
    0.9964056556687126,
    0.996492424703306,
    0.9966971852879459,
    0.9968652417395373,
    0.9969355363663311,
    0.9970587316519346,
    0.9970313237938307,
    0.9971419854954402,
    0.9971823442710864,
    0.9972879051887772,
    0.9973468780901125,
    0.9973404726922023,
    0.9973846302981076,
    0.9974060892787471,
    0.9974035437029188
  ],
  "val_hand_iou": [
    0.7492078448882972,
    0.8240591015108994,
    0.8534325860325651,
    0.8796211518901761,
    0.8823718902584597,
    0.8677058839595867,
    0.8900796169333253,
    0.8959049939693907,
    0.9027874445567686,
    0.9032600277335525,
    0.9057915992514095,
    0.9085791049303582,
    0.9128255656135443,
    0.9124419518482842,
    0.9066353126424398,
    0.9130635899726105,
    0.9144903478595615,
    0.9141513787931234,
    0.9151406124310201,
    0.9154458384252506
  ],
  "val_background_iou": [
    0.9915011070721943,
    0.994632384202261,
    0.9957942926158656,
    0.996624725545896,
    0.996802944162432,
    0.9964504943559329,
    0.9969990426082668,
    0.9971101415331832,
    0.9973715714641078,
    0.9973827382174199,
    0.9974384049299426,
    0.9974654596797745,
    0.9976309228457837,
    0.9976175769610657,
    0.9974956991349877,
    0.9976405701443428,
    0.9976730557214211,
    0.9976836740704582,
    0.9977020360019512,
    0.9977103586132239
  ],
  "train_dice": [
    0.6808332708238292,
    0.8831082598614941,
    0.9116425276492588,
    0.9218379219943148,
    0.9293161242126755,
    0.9324467408528156,
    0.9338955055785965,
    0.9374583499231797,
    0.940801026307639,
    0.9422756846486416,
    0.9443145460299789,
    0.9442034812173292,
    0.9462708432028712,
    0.9467519559099523,
    0.9490419195909136,
    0.9500497263297801,
    0.9500715642869941,
    0.9507346209729828,
    0.9512323935468545,
    0.951204497393112
  ],
  "val_dice": [
    0.8566252970768501,
    0.9035442994454699,
    0.9209210979282633,
    0.9359557919484098,
    0.9375106957608736,
    0.9291675861940606,
    0.9418435170233613,
    0.9450948194336103,
    0.9489104493929033,
    0.9491714369782421,
    0.9505673124041499,
    0.9521000230834143,
    0.9544263544185253,
    0.9542166244224589,
    0.9510317013754642,
    0.9545564452310578,
    0.9553355532786886,
    0.9551505580185594,
    0.9556902574055584,
    0.9558566679994126
  ],
  "train_acc": [
    0.7216666666666667,
    0.8729166666666667,
    0.9033333333333333,
    0.9058333333333334,
    0.91875,
    0.91125,
    0.9270833333333334,
    0.9295833333333333,
    0.9333333333333333,
    0.9416666666666667,
    0.9433333333333334,
    0.935,
    0.9379166666666666,
    0.95125,
    0.9483333333333334,
    0.9529166666666666,
    0.9583333333333334,
    0.9495833333333333,
    0.955,
    0.95625
  ],
  "val_acc": [
    0.92,
    0.9566666666666667,
    0.95,
    0.95,
    0.9666666666666667,
    0.97,
    0.97,
    0.9733333333333334,
    0.9666666666666667,
    0.9666666666666667,
    0.97,
    0.98,
    0.9766666666666667,
    0.9733333333333334,
    0.9733333333333334,
    0.9766666666666667,
    0.9766666666666667,
    0.9733333333333334,
    0.9766666666666667,
    0.9733333333333334
  ],
  "train_macro_f1": [
    0.7185873655197363,
    0.872630947860286,
    0.9032188316323108,
    0.9057716494022732,
    0.9187230264468335,
    0.9111657676210673,
    0.9271296110632928,
    0.9295012400242868,
    0.9333896604968498,
    0.9416208706523239,
    0.9433209394324209,
    0.9349378021151258,
    0.9380166553140035,
    0.9512393444962794,
    0.9483053790661099,
    0.9529377656073166,
    0.9583115759468914,
    0.9496173337905536,
    0.9550427351931173,
    0.9562757029426514
  ],
  "val_macro_f1": [
    0.9190009709262004,
    0.956744314533063,
    0.9497440573711524,
    0.9499754764951402,
    0.9664848804934472,
    0.9701864599444336,
    0.9700337734511866,
    0.9734191523049303,
    0.9664889291230837,
    0.9666468198838303,
    0.9701404637803404,
    0.9799800548256424,
    0.9766457953091102,
    0.9733064183102936,
    0.9733064183102936,
    0.9766457953091102,
    0.9766457953091102,
    0.9733064183102936,
    0.9766457953091102,
    0.9733064183102936
  ],
  "train_det_acc_iou50": [
    0.9966666666666667,
    0.9966666666666667,
    0.9954166666666666,
    0.9954166666666666,
    0.9970833333333333,
    0.9970833333333333,
    0.99625,
    0.9966666666666667,
    0.99625,
    0.99625,
    0.9970833333333333,
    0.9975,
    0.9966666666666667,
    0.9966666666666667,
    0.9966666666666667,
    0.9966666666666667,
    0.99625,
    0.9958333333333333,
    0.9966666666666667,
    0.99625
  ],
  "val_det_acc_iou50": [
    1.0,
    1.0,
    1.0,
    1.0,
    1.0,
    1.0,
    1.0,
    1.0,
    1.0,
    1.0,
    1.0,
    1.0,
    1.0,
    1.0,
    1.0,
    1.0,
    1.0,
    1.0,
    1.0,
    1.0
  ],