{
  "train": {
    "loss": [
      1.874034640789032,
      1.2865112161636352,
      1.1223125537236531,
      1.012169208129247,
      0.9364380943775177,
      0.8770061719417572,
      0.8529876681168874,
      0.8137404243151347,
      0.77747806986173,
      0.7475754821300507,
      0.712628820737203,
      0.6902249773343404,
      0.6577883839607239,
      0.6305968979994456,
      0.6091337561607361,
      0.5787368444601695,
      0.5571708544095357,
      0.5358146689335506,
      0.5158259781201681,
      0.49452742576599124,
      0.48579296390215554,
      0.47207133611043295,
      0.46262102683385214,
      0.4434970662991206,
      0.423600284854571,
      0.4174499563376109,
      0.409429598848025,
      0.39059117863575615,
      0.3852047316233317,
      0.3693269177277883,
      0.35627171635627747,
      0.3438404095172882,
      0.3264581006765366,
      0.32075828323761624,
      0.3086803721388181,
      0.29470941245555876,
      0.28544040669997534,
      0.2776263708869616,
      0.26488831212123237,
      0.2560027609268824,
      0.24833677033583323,
      0.23927807996670405,
      0.23086770127216974,
      0.2250983175635338,
      0.21955602099498114,
      0.21265636136134466,
      0.20774269858996072,
      0.2077111668388049,
      0.20430462578932443,
      0.20547705014546713
    ],
    "det_acc_iou50": [
      0.3308333333333333,
      0.7229166666666667,
      0.8245833333333333,
      0.8520833333333333,
      0.87125,
      0.8904166666666666,
      0.8954166666666666,
      0.9075,
      0.9104166666666667,
      0.93,
      0.9420833333333334,
      0.94375,
      0.95,
      0.9570833333333333,
      0.9595833333333333,
      0.9683333333333334,
      0.9733333333333334,
      0.9766666666666667,
      0.97375,
      0.9758333333333333,
      0.9770833333333333,
      0.9829166666666667,
      0.9829166666666667,
      0.985,
      0.98625,
      0.99125,
      0.9883333333333333,
      0.9904166666666666,
      0.99125,
      0.9925,
      0.9895833333333334,
      0.99125,
      0.99375,
      0.9945833333333334,
      0.9941666666666666,
      0.9954166666666666,
      0.9945833333333334,
      0.9941666666666666,
      0.995,
      0.9958333333333333,
      0.9958333333333333,
      0.99625,
      0.9954166666666666,
      0.99625,
      0.9970833333333333,
      0.9958333333333333,
      0.9970833333333333,
      0.995,
      0.9970833333333333,
      0.9966666666666667
    ],
    "mean_bbox_iou": [
      0.30179923064695835,
      0.5669468867778779,
      0.6367526568969091,
      0.6614104851086935,
      0.6837756357590358,
      0.7085796046257019,
      0.7134594762325287,
      0.7242115890979767,
      0.738064474662145,
      0.7589823961257934,
      0.7734894728660584,
      0.7817084487279257,
      0.7940412696202596,
      0.8087908359368642,
      0.8102164316177368,
      0.8278147319952647,
      0.8367839320500692,
      0.8430780585606893,
      0.8475500015417735,
      0.85632275501887,
      0.8573257752259572,
      0.8652191909154257,
      0.8664734053611756,
      0.8752811106046041,
      0.8793916968504588,
      0.8841311772664388,
      0.8827045591672261,
      0.8906993289788564,
      0.8922397859891256,
      0.8956141034762065,
      0.8993568166097006,
      0.9018300278981527,
      0.9090679160753886,
      0.9107592256863912,
      0.913041574160258,
      0.9171683212121328,
      0.9186922450860341,
      0.9207113587856293,
      0.9247040788332621,
      0.9272272678216299,
      0.9291905399163564,
      0.9306962021191915,
      0.9328358896573384,
      0.9353143421808878,
      0.9368531914552053,
      0.9379202163219452,
      0.9392332764466603,
      0.9385982958475748,
      0.9398191436131795,
      0.9406088105837505
    ],
    "top1_acc": [
      0.09333333333333334,
      0.10791666666666666,
      0.10583333333333333,
      0.10625,
      0.10333333333333333,
      0.115,
      0.10541666666666667,
      0.10625,
      0.11083333333333334,
      0.105,
      0.10958333333333334,
      0.10041666666666667,
      0.10375,
      0.10083333333333333,
      0.10458333333333333,
      0.09666666666666666,
      0.09291666666666666,
      0.10166666666666667,
      0.10583333333333333,
      0.09208333333333334,
      0.10625,
      0.10375,
      0.10041666666666667,
      0.09791666666666667,
      0.09708333333333333,
      0.10291666666666667,
      0.10166666666666667,
      0.09625,
      0.09708333333333333,
      0.11541666666666667,
      0.10125,
      0.10666666666666667,
      0.1075,
      0.10333333333333333,
      0.09916666666666667,
      0.10375,
      0.09833333333333333,
      0.1125,
      0.10083333333333333,
      0.10166666666666667,
      0.10416666666666667,
      0.1025,
      0.10083333333333333,
      0.09666666666666666,
      0.10375,
      0.09416666666666666,
      0.10916666666666666,
      0.11083333333333334,
      0.09916666666666667,
      0.10708333333333334
    ],
    "macro_f1": [
      0.06321057664113047,
      0.06627337659801928,
      0.059619968049663886,
      0.06698352993433845,
      0.0623422282427613,
      0.07282922399634968,
      0.06783566762566372,
      0.062141836952594544,
      0.06725110516237516,
      0.06232397424559298,
      0.06354764864030231,
      0.05634601299752766,
      0.06279417691119366,
      0.05896346810717832,
      0.059729500385174286,
      0.05581489705976224,
      0.050905035443715455,
      0.05319489732313807,
      0.062292966752577436,
      0.05143669898123833,
      0.06273684025822321,
      0.06333336602786037,
      0.05848806083571034,
      0.05586441834370674,
      0.05642794029592625,
      0.05898170541199364,
      0.05810308823438141,
      0.05491254928536819,
      0.05551595309211347,
      0.06530401681575032,
      0.055468537974204,
      0.06500554991072162,
      0.06491738418410979,
      0.058654272887900503,
      0.05622662511612005,
      0.065319430685328,
      0.0578146496921937,
      0.06614244029760738,
      0.057446681594009785,
      0.06398368388113126,
      0.05945315457686018,
      0.05983712073657327,
      0.058191866724239996,
      0.05651830761132996,
      0.057811888965444334,
      0.048998880336118836,
      0.06363951523715275,
      0.06335218509574145,
      0.05573284942629501,
      0.0608247215771631
    ]
  },
  "val": {
    "loss": [
      1.3559545654999583,
      1.0723411221253245,
      0.9871771555197867,
      1.01499269824279,
      0.8414922387976396,
      0.7818378523776406,
      0.7776068041199132,
      0.7976282678152385,
      0.7044244659574408,
      0.7489476454885382,
      0.601569917641188,
      0.6468568224655954,
      0.58470797381903,
      0.5395076557209617,
      0.525361202265087,
      0.5405676286471518,
      0.45303254378469365,
      0.5049263474188352,
      0.43199655570481954,
      0.3974180221557617,
      0.38852808193156596,
      0.408697236525385,
      0.3574609630986264,
      0.3949745360173677,
      0.3716497907513066,
      0.358503752633145,
      0.32805172785332326,
      0.33061714470386505,
      0.3197762197569797,
      0.31503676819173915,
      0.3044872778026681,
      0.285404392763188,
      0.2748822554161674,
      0.25469382107257843,
      0.2616711760822095,
      0.24740470396844963,
      0.24717174784133308,
      0.2380882540815755,
      0.20589845666759893,
      0.2130423815626847,
      0.21269757418256058,
      0.20307290867755287,
      0.1972721234748238,
      0.19404266774654388,
      0.19159192082129026,
      0.18813825477110713,
      0.18808584228942268,
      0.1860789056671293,
      0.1835309412134321,
      0.18302122032956072
    ],