{
  "train_loss": [
    3.4721148204803467,
    2.955378761291504,
    2.7514063485463462,
    2.573675629297892,
    2.4651583003997803,
    2.309574162165324,
    2.2381158383687336,
    2.1003766377766926,
    1.9887277666727703,
    1.8033924531936645,
    1.8383666865030925,
    1.7365874179204306,
    1.7038283999760946,
    1.5985233624776205,
    1.5741097116470337,
    1.492494249343872,
    1.5288950045903524,
    1.4458964610099792,
    1.397822740872701,
    1.354611593882243
  ],
  "val_loss": [
    3.1706395387649535,
    3.488332915306091,
    2.8756543159484864,
    2.37841979265213,
    2.62812397480011,
    2.4247204303741454,
    2.289778435230255,
    2.025159239768982,
    1.554345142841339,
    1.7943686604499818,
    1.5712397694587708,
    1.3879717707633972,
    1.350264346599579,
    1.3505191087722779,
    1.2946908712387084,
    1.2404622554779052,
    1.242848551273346,
    1.4169884264469146,
    2.2228160738945006,
    1.165039026737213
  ],
  "train_miou": [
    0.69536306977491,
    0.7866196625323653,
    0.7969374903293298,
    0.8129846897694832,
    0.815980807248522,
    0.8276940028548241,
    0.8238703883742773,
    0.8352095523995282,
    0.8420983122247374,
    0.8441228895287294,
    0.849455511535834,
    0.852167976686305,
    0.8606492553986053,
    0.8633138191668195,
    0.863938209287406,
    0.8721672924994234,
    0.8756031475496338,
    0.8776874271283812,
    0.8833507653356558,
    0.8824886578088225
  ],
  "val_miou": [
    0.7221494614160987,
    0.5596525860701242,
    0.7918272020560886,
    0.8090944277932184,
    0.7785474585575445,
    0.7489668945072548,
    0.8536462524555406,
    0.8129080793677275,
    0.8569754735492938,
    0.8232234722652043,
    0.8584130212543153,
    0.8224031081579459,
    0.8590441504044555,
    0.8917634386385646,
    0.8620471958402325,
    0.887466648647505,
    0.8954422943394109,
    0.8613355836393414,
    0.7795763001434237,
    0.8955561030284238
  ],
  "train_hand_iou": [
    0.4157466048995489,
    0.5862406062104427,
    0.606076140647088,
    0.6371656837148904,
    0.6429377891997999,
    0.6656085616761666,
    0.6582595386406527,
    0.680137270426166,
    0.6934554993264705,
    0.6973850090162932,
    0.7076665537652678,
    0.7129372827248427,
    0.7293780434331937,
    0.734563058351138,
    0.7357661400764121,
    0.7516987798332246,
    0.7583677882738078,
    0.7623958592747423,
    0.773397185969135,
    0.7717136379774104
  ],
  "train_background_iou": [
    0.9749795346502712,
    0.9869987188542878,
    0.9877988400115716,
    0.9888036958240762,
    0.9890238252972441,
    0.9897794440334817,
    0.989481238107902,
    0.9902818343728903,
    0.9907411251230044,
    0.9908607700411657,
    0.9912444693064001,
    0.9913986706477672,
    0.9919204673640168,
    0.992064579982501,
    0.9921102784983997,
    0.9926358051656221,
    0.9928385068254598,
    0.9929789949820201,
    0.9933043447021767,
    0.9932636776402344
  ],
  "val_hand_iou": [
    0.46015225175765845,
    0.14288785483719624,
    0.5981743284417247,
    0.6317308995849314,
    0.5740001823367178,
    0.5114836271820439,
    0.715973317399524,
    0.6381134919288538,
    0.7221783738167011,
    0.6560286346311971,
    0.7250101680067578,
    0.6547708649573514,
    0.7269885596997228,
    0.7894508818067172,
    0.7323156041729809,
    0.7815638434751296,
    0.7967803160754602,
    0.7311089754496002,
    0.5763587715839799,
    0.7968256623329077
  ],
  "val_background_iou": [
    0.984146671074539,
    0.9764173173030524,
    0.9854800756704526,
    0.9864579560015054,
    0.9830947347783712,
    0.9864501618324658,
    0.9913191875115573,
    0.9877026668066012,
    0.9917725732818866,
    0.9904183098992114,
    0.9918158745018729,
    0.9900353513585406,
    0.9910997411091883,
    0.9940759954704119,
    0.9917787875074839,
    0.9933694538198804,
    0.9941042726033616,
    0.9915621918290826,
    0.9827938287028676,
    0.99428654372394
  ],
  "train_dice": [
    0.5873178200968348,
    0.7391572298870623,
    0.7547290259886433,
    0.7783765443569506,
    0.7826684533355892,
    0.7992376804383604,
    0.7939161793457936,
    0.809621073703876,
    0.818982842598787,
    0.8217169414268097,
    0.8288111659795876,
    0.8324149283396328,
    0.8435148650149608,
    0.8469718697334738,
    0.8477710482865187,
    0.8582511884889161,
    0.8625815296790651,
    0.865181173982651,
    0.8722210592056229,
    0.8711494018394522
  ],
  "val_dice": [
    0.6302798234961459,
    0.25004702645571564,
    0.7485720647571223,
    0.7743076995669161,
    0.7293521166999775,
    0.6767967816305569,
    0.8344807114886232,
    0.7790833725171079,
    0.8386801097916536,
    0.7922914144262931,
    0.8405865443036826,
    0.7913734509390542,
    0.8419147372072073,
    0.8823386993552447,
    0.8454759657061374,
    0.8773907781498375,
    0.8868978683112393,
    0.8446712319306392,
    0.7312532933157528,
    0.8869259595261452
  ],
  "train_acc": [
    0.14416666666666667,
    0.2633333333333333,
    0.3204166666666667,
    0.3625,
    0.41208333333333336,
    0.45666666666666667,
    0.4979166666666667,
    0.5445833333333333,
    0.5804166666666667,
    0.63875,
    0.6320833333333333,
    0.6633333333333333,
    0.665,
    0.705,
    0.71625,
    0.7358333333333333,
    0.7266666666666667,
    0.7508333333333334,
    0.7620833333333333,
    0.7770833333333333
  ],
  "val_acc": [
    0.19333333333333333,
    0.20333333333333334,
    0.37,
    0.37333333333333335,
    0.41,
    0.48,
    0.49666666666666665,
    0.5766666666666667,
    0.7233333333333334,
    0.67,
    0.66,
    0.7833333333333333,
    0.7733333333333333,
    0.7433333333333333,
    0.7333333333333333,
    0.7866666666666666,
    0.82,
    0.79,
    0.55,
    0.8166666666666667
  ],
  "train_macro_f1": [
    0.1372333178614351,
    0.2516868885275591,
    0.3078605892777401,
    0.3503769388682835,
    0.40823629983391535,
    0.4541151841298207,
    0.49741693573014334,
    0.5419714401036345,
    0.5796583194819483,
    0.6368668360909198,
    0.6302902762338437,
    0.6617218881044616,
    0.6627781430551399,
    0.7043115072295751,
    0.7162385127562452,
    0.7356819345795166,
    0.7267981436334908,
    0.7501593514309638,
    0.7617545904218321,
    0.7768847805909048
  ],
  "val_macro_f1": [
    0.11306405722670351,
    0.15002544967226433,
    0.314462802524889,
    0.3246114459577957,
    0.37151700743920374,
    0.4516809213824171,
    0.4595099207906298,
    0.5622759620182418,
    0.7206819448555797,
    0.6631313964102771,
    0.63668111473342,
    0.7826069601053138,
    0.7659777152157988,
    0.7367115914726662,
    0.73129392120038,
    0.7862265159062332,
    0.8094710857390156,
    0.7866929061180895,
    0.5119934335346622,
    0.8151838144815049
  ],
  "train_det_acc_iou50": [
    0.6883333333333334,
    0.7916666666666666,
    0.7945833333333333,
    0.84125,
    0.8358333333333333,
    0.86375,
    0.8554166666666667,
    0.89125,
    0.8825,
    0.9041666666666667,
    0.90375,
    0.9029166666666667,
    0.9045833333333333,
    0.9229166666666667,
    0.9304166666666667,
    0.9354166666666667,
    0.9325,
    0.9375,
    0.9445833333333333,
    0.9375
  ],
  "val_det_acc_iou50": [
    0.6566666666666666,
    0.71,
    0.8033333333333333,
    0.8533333333333334,
    0.8733333333333333,
    0.7966666666666666,
    0.91,
    0.93,
    0.9266666666666666,
    0.9,
    0.96,
    0.85,
    0.9466666666666667,
    0.9766666666666667,
    0.9633333333333334,
    0.9833333333333333,
    0.9233333333333333,
    0.94,
    0.9033333333333333,
    0.95
  ],