{
  "model": "rgb_v3",
  "dataset": "dataset/dataset_v1/test",
  "weights": "weights/rgb_v3/s2/default/best_model.pth",
  "total_samples": 3450,
  "image_classifier_top1_percent": 85.94202898550725,
  "classification_macro_f1": 0.8622918241692629,
  "detector_class_top1_percent": 86.98550724637681,
  "detection_acc_iou50_percent": 92.8695652173913,
  "mean_bbox_iou": 0.7883889950701775,
  "segmentation_miou": 0.8678520533427416,
  "segmentation_hand_iou": 0.7443898832163736,
  "segmentation_background_iou": 0.9913142234691096,
  "segmentation_dice": 0.8534673244536809,
  "speed_throughput_fps": 593.0988956768332,
  "speed_avg_image_latency_ms": 1.6860594536410645,
  "speed_avg_batch_latency_ms": 13.464783927203817,
  "speed_warmup_batches": 5,
  "speed_measured_batches": 427,
  "speed_measured_images": 3410
}