{
  "train": {
    "loss": [
      2.664090727965037,
      1.5694062940279643,
      1.202842086950938,
      1.0857832547028858,
      0.9969721039136251,
      0.9336318151156108,
      0.8815291555722554,
      0.8409038158257802,
      0.8140045722325643,
      0.8044916113217672
    ],
    "det_acc_iou50": [
      0.017083333333333332,
      0.48833333333333334,
      0.75125,
      0.8204166666666667,
      0.86375,
      0.8770833333333333,
      0.8925,
      0.90625,
      0.9141666666666667,
      0.9183333333333333
    ],
    "mean_bbox_iou": [
      0.01977053917386513,
      0.4123458929856618,
      0.567689271569252,
      0.6215058942635854,
      0.6633639172712962,
      0.6890440674622854,
      0.7121407443284988,
      0.7299993888537089,
      0.745135304927826,
      0.7492461641629536
    ],
    "top1_acc": [
      0.10333333333333333,
      0.105,
      0.10916666666666666,
      0.095,
      0.10541666666666667,
      0.10625,
      0.1025,
      0.09625,
      0.10583333333333333,
      0.10041666666666667
    ],
    "macro_f1": [
      0.07938797759187659,
      0.08225105245776354,
      0.08252769216341418,
      0.07006932322312517,
      0.07793210442594707,
      0.07183746738366058,
      0.07385505558061403,
      0.06595757073724966,
      0.07271377513114556,
      0.07065628893231278
    ]
  },
  "val": {
    "loss": [
      1.9447672188282012,
      1.252293986082077,
      1.073654043674469,
      0.9382648766040802,
      0.9043901622295379,
      0.8542180180549621,
      0.7874409437179566,
      0.7273434102535248,
      0.715901231765747,
      0.7172386050224304
    ],
    "det_acc_iou50": [
      0.153125,
      0.775,
      0.815625,
      0.9,
      0.91875,
      0.9125,
      0.9375,
      0.95625,
      0.96875,
      0.975
    ],
    "mean_bbox_iou": [
      0.18360656984150409,
      0.5678112462162972,
      0.6313109666109085,
      0.6982635051012039,
      0.72341328561306,
      0.7191702216863632,
      0.7536797881126404,
      0.7841908603906631,
      0.7972485929727554,
      0.8007667869329452
    ],
    "top1_acc": [
      0.06875,
      0.096875,
      0.09375,
      0.1,
      0.1,
      0.096875,
      0.096875,
      0.096875,
      0.096875,
      0.1
    ],
    "macro_f1": [
      0.037060423709974415,
      0.049641159480976416,
      0.04144515068428112,
      0.0384686605582128,
      0.03805882681252441,
      0.03275977653631285,
      0.03272890838042225,
      0.032455897804567826,
      0.03248062015503876,
      0.03348345843758688
    ]
  }
}