{
  "train_loss": [
    3.079674793879191,
    2.420995578765869,
    2.2220849339167277,
    2.033676904042562,
    1.8423072799046833,
    1.6997995249430338,
    1.700966560045878,
    1.535324829419454,
    1.5237210496266682,
    1.3973145739237467,
    1.3334695649147035,
    1.2523714367548624,
    1.2253691569964091,
    1.1966168109575908,
    1.147855930328369,
    1.0991425116856892,
    1.0358720858891806,
    1.024915457566579,
    0.9893122808138529,
    0.987421555519104,
    0.8949255474408467,
    0.9654511078198751,
    0.8632994143168131,
    0.9437058234214782
  ],
  "val_loss": [
    2.6744603872299195,
    2.026006209850311,
    2.842579448223114,
    1.795810055732727,
    1.3950587391853333,
    1.5049450874328614,
    1.3721656680107117,
    1.2543324828147888,
    1.1524797618389129,
    0.9888370990753174,
    0.8411235034465789,
    1.0934113204479217,
    0.8420004665851593,
    1.1344625055789948,
    1.175036358833313,
    0.6845988184213638,
    0.7821067869663239,
    1.1087450087070465,
    1.4078326165676116,
    0.661405885219574,
    0.8204938620328903,
    0.89792959690094,
    0.7275201737880707,
    0.666077271103859
  ],
  "train_miou": [
    0.689855516355443,
    0.8204571063489414,
    0.8320303099979378,
    0.845709833025837,
    0.8539518395139978,
    0.871248738834177,
    0.8675346173602307,
    0.882229436154476,
    0.8775728143671815,
    0.8852577804873917,
    0.8914750926951653,
    0.8992176843465038,
    0.9009776240570271,
    0.9001776743974146,
    0.899941278647163,
    0.9045796622458809,
    0.9118073979522443,
    0.9153850605756781,
    0.9186120428546198,
    0.9170760178050084,
    0.919607173528848,
    0.9233702157788635,
    0.92374777756499,
    0.9233717747224044
  ],
  "val_miou": [
    0.7928406838537991,
    0.8290088704424985,
    0.7449474470785211,
    0.854146465131562,
    0.8839861488710961,
    0.8592166122542446,
    0.8891043036995541,
    0.8801707915477146,
    0.9037271837321139,
    0.9198181265601677,
    0.9120104211206594,
    0.8944780511411121,
    0.9244417971924845,
    0.8955871603047209,
    0.8969474119306504,
    0.9244406337666533,
    0.9246870435216771,
    0.8898812270043929,
    0.8986711823926048,
    0.9342642235006559,
    0.9400611194285577,
    0.9312895620050415,
    0.9353646402782975,
    0.9252583765687201
  ],
  "train_hand_iou": [
    0.40877285449277534,
    0.6517333608913658,
    0.6741212459883359,
    0.7005192473277547,
    0.7164644559255055,
    0.7499541749354055,
    0.7427278332214793,
    0.7711922819000577,
    0.7621926730016915,
    0.7770995553381035,
    0.7891020410959113,
    0.8041539097795799,
    0.8075739613347915,
    0.8059931949510113,
    0.8055734030135194,
    0.8145657392968433,
    0.8285852537175711,
    0.8355090000364008,
    0.8417899972103352,
    0.8388049553280865,
    0.8436910715014111,
    0.8510147145536416,
    0.8517590515680726,
    0.8510204476737123
  ],
  "train_background_iou": [
    0.9709381782181107,
    0.989180851806517,
    0.9899393740075398,
    0.9909004187239192,
    0.9914392231024902,
    0.9925433027329483,
    0.9923414014989822,
    0.9932665904088943,
    0.9929529557326716,
    0.9934160056366799,
    0.9938481442944195,
    0.9942814589134279,
    0.9943812867792626,
    0.994362153843818,
    0.9943091542808067,
    0.9945935851949186,
    0.9950295421869176,
    0.9952611211149553,
    0.9954340884989044,
    0.9953470802819302,
    0.995523275556285,
    0.9957257170040854,
    0.9957365035619075,
    0.9957231017710965
  ],
  "val_hand_iou": [
    0.5969749975492425,
    0.6699229666201012,
    0.5114994193023449,
    0.717175713689708,
    0.7746924619827515,
    0.7260043788989304,
    0.7844610579601031,
    0.7668091451530545,
    0.812739833875102,
    0.844067801911327,
    0.8288365051544643,
    0.794844131376971,
    0.8528722358722358,
    0.7966967019665442,
    0.7993194140464969,
    0.852926737099134,
    0.8533842049729762,
    0.785525676686428,
    0.8028024800013139,
    0.8721514308762921,
    0.8833992517116621,
    0.8662130258323404,
    0.8742521290365589,
    0.8544285889540649
  ],
  "val_background_iou": [
    0.9887063701583558,
    0.9880947742648959,
    0.9783954748546972,
    0.9911172165734159,
    0.9932798357594405,
    0.9924288456095589,
    0.9937475494390051,
    0.9935324379423747,
    0.994714533589126,
    0.9955684512090083,
    0.9951843370868547,
    0.9941119709052534,
    0.9960113585127331,
    0.9944776186428975,
    0.994575409814804,
    0.9959545304341727,
    0.995989882070378,
    0.9942367773223577,
    0.9945398847838955,
    0.9963770161250196,
    0.9967229871454533,
    0.9963660981777427,
    0.996477151520036,
    0.9960881641833754
  ],
  "train_dice": [
    0.5803247176280278,
    0.7891508112903342,
    0.8053433974435478,
    0.823888642752584,
    0.8348142059710674,
    0.8571129297863904,
    0.8523738693591952,
    0.8708171210781884,
    0.8650503258572564,
    0.8745706485647685,
    0.8821207767585444,
    0.8914471270112718,
    0.893544583634568,
    0.892576115130793,
    0.8923186414565142,
    0.8978079125559739,
    0.9062582693730372,
    0.910383986152976,
    0.9140998685901773,
    0.9123370620658608,
    0.9152195663825076,
    0.9195115607266876,
    0.9199458761622379,
    0.919514907296935
  ],
  "val_dice": [
    0.7476322402860097,
    0.8023399641913005,
    0.6768106064353436,
    0.8352968283585928,
    0.8730441792909142,
    0.8412543881980997,
    0.8792134235272755,
    0.8680158207881901,
    0.8966977154550683,
    0.9154411795883788,
    0.9064085311272375,
    0.8856971115003522,
    0.9205947602434098,
    0.8868460671125329,
    0.8884686151959025,
    0.9206265094263156,
    0.9208929294672814,
    0.8798816919219036,
    0.8906161256231785,
    0.931710348310945,
    0.938090265150966,
    0.9283109846969426,
    0.9329077080851014,
    0.9215006649956576
  ],
  "train_acc": [
    0.24,
    0.34291666666666665,
    0.42041666666666666,
    0.49333333333333335,
    0.56875,
    0.60125,
    0.61,
    0.67375,
    0.6670833333333334,
    0.7175,
    0.7329166666666667,
    0.7466666666666667,
    0.7595833333333334,
    0.7666666666666667,
    0.78375,
    0.7929166666666667,
    0.8154166666666667,
    0.8195833333333333,
    0.81625,
    0.82125,
    0.85625,
    0.8270833333333333,
    0.85375,
    0.8345833333333333
  ],
  "val_acc": [
    0.2833333333333333,
    0.49666666666666665,
    0.29,
    0.5566666666666666,
    0.69,
    0.6433333333333333,
    0.6866666666666666,
    0.7266666666666667,
    0.7333333333333333,
    0.8266666666666667,
    0.86,
    0.77,
    0.8566666666666667,
    0.7733333333333333,
    0.7533333333333333,
    0.8866666666666667,
    0.88,
    0.81,
    0.6966666666666667,
    0.8933333333333333,
    0.8433333333333334,
    0.8233333333333334,
    0.8733333333333333,
    0.8866666666666667
  ],
  "train_macro_f1": [
    0.23381072219064816,
    0.3391135708675465,
    0.4179803856195047,
    0.4908212691895647,
    0.5666308326149838,
    0.6008077515734525,
    0.6095683938111914,
    0.6719820850322716,
    0.6670827507236573,
    0.716699546591778,
    0.7322394307624854,
    0.7461495486823359,
    0.7591042164142952,
    0.766683456570647,
    0.7833486031123857,
    0.7922035900270823,
    0.8154866735669228,
    0.8193842443566165,
    0.8164367821851511,
    0.8210281607439074,
    0.856037360937323,
    0.827102068480585,
    0.8536997585311135,
    0.8345082876704311
  ],