{
  "train_loss": [
    3.310564203262329,
    2.724195181528727,
    2.5599097061157225,
    2.371905040740967,
    2.1372503217061363,
    2.0413482666015623,
    1.8938959328333538,
    1.8466315603256225,
    1.6858220418294272,
    1.6383838256200154,
    1.5079155190785727,
    1.6034597619374593,
    1.4441064739227294,
    1.3829896823565164,
    1.3100077398618062,
    1.3008237075805664,
    1.2533670043945313,
    1.2141857155164082,
    1.208444323539734,
    1.1842486047744751
  ],
  "val_loss": [
    2.898601758480072,
    2.6254048109054566,
    2.4611055135726927,
    2.006584274768829,
    1.6784024834632874,
    1.5840322375297546,
    1.6611253023147583,
    1.3506583511829375,
    1.2945381999015808,
    1.5931637167930603,
    1.3095807433128357,
    1.290406632423401,
    1.1877604246139526,
    0.932243263721466,
    0.916018408536911,
    1.4245046973228455,
    0.9922794908285141,
    1.0868273675441742,
    1.0222901344299316,
    0.8590660154819488
  ],
  "train_miou": [
    0.6343484030067287,
    0.7817095492869824,
    0.7889847150516958,
    0.8104786918575797,
    0.8195201060113029,
    0.8275142293206518,
    0.8318400962603403,
    0.8366550142693175,
    0.8457394871608785,
    0.851988853028403,
    0.8607660691232903,
    0.8571397689971513,
    0.8673697437857338,
    0.8710585142959655,
    0.8754922330236783,
    0.8753817643562332,
    0.878906253106925,
    0.8839091004901827,
    0.8860130360533653,
    0.887908737292453
  ],
  "val_miou": [
    0.7780359815992897,
    0.8129825613334096,
    0.7960446482938521,
    0.7359323076791309,
    0.8321346112793372,
    0.8448255455932148,
    0.7947177721882606,
    0.8101974366525988,
    0.849874236255689,
    0.8191427678907293,
    0.8682099134857851,
    0.8878242489869119,
    0.8656193690154729,
    0.875051384048511,
    0.883075793690956,
    0.8494589007212874,
    0.8740503408326641,
    0.9023695993819707,
    0.8933924506429589,
    0.8996647798450914
  ],
  "train_hand_iou": [
    0.309800881915754,
    0.5767969198125699,
    0.5908848269150855,
    0.6324649526300449,
    0.6498045711501975,
    0.6651640890704267,
    0.6736049941500977,
    0.6829396251758366,
    0.7004937510062453,
    0.7125996700028265,
    0.7296061660930325,
    0.7225784827455104,
    0.7424139159942929,
    0.7495243995010438,
    0.7581071582137338,
    0.7579302913322149,
    0.7647467738160653,
    0.7744257577679006,
    0.7785251160810989,
    0.7821973322011191
  ],
  "train_background_iou": [
    0.9588959240977033,
    0.986622178761395,
    0.9870846031883059,
    0.9884924310851145,
    0.9892356408724083,
    0.9898643695708769,
    0.990075198370583,
    0.9903704033627985,
    0.9909852233155118,
    0.9913780360539796,
    0.991925972153548,
    0.9917010552487922,
    0.9923255715771748,
    0.9925926290908871,
    0.9928773078336229,
    0.9928332373802513,
    0.9930657323977848,
    0.9933924432124649,
    0.9935009560256317,
    0.9936201423837868
  ],
  "val_hand_iou": [
    0.571220068557964,
    0.6383178474202011,
    0.6063363542049025,
    0.4950441409900791,
    0.6742255885606656,
    0.6988596270275462,
    0.6004991838272725,
    0.6310062414931947,
    0.7079798724596166,
    0.6479314518713247,
    0.7435509367366698,
    0.782118315858429,
    0.7383718640623053,
    0.7569202005850661,
    0.7727965460267356,
    0.7079188168276881,
    0.7547619319395548,
    0.8101209111138438,
    0.7927072017188952,
    0.8048396834231056
  ],
  "val_background_iou": [
    0.9848518946406153,
    0.9876472752466181,
    0.9857529423828016,
    0.9768204743681826,
    0.9900436339980088,
    0.9907914641588833,
    0.9889363605492485,
    0.9893886318120028,
    0.9917686000517615,
    0.9903540839101339,
    0.9928688902349004,
    0.9935301821153949,
    0.9928668739686405,
    0.9931825675119558,
    0.9933550413551764,
    0.9909989846148866,
    0.9933387497257735,
    0.9946182876500975,
    0.9940776995670226,
    0.9944898762670771
  ],
  "train_dice": [
    0.47305034863410683,
    0.7316058429149295,
    0.7428379690576109,
    0.7748588435066714,
    0.7877352051427181,
    0.7989171679071613,
    0.8049748853577874,
    0.8116032387133101,
    0.8238710087487674,
    0.8321847568750851,
    0.8436673971174872,
    0.8389498533545335,
    0.8521671104430327,
    0.8568321764644204,
    0.8624129134244392,
    0.8622984598073357,
    0.8666929274644734,
    0.8728747927352816,
    0.8754727262964319,
    0.8777898138081702
  ],
  "val_dice": [
    0.7271038347699046,
    0.7792356634890315,
    0.7549307498615684,
    0.6622468560189009,
    0.8054178518921079,
    0.822739696569662,
    0.7503898657308894,
    0.7737631229608358,
    0.8290260135677987,
    0.7863572858392378,
    0.8529156459613879,
    0.8777400567612597,
    0.8494981762266272,
    0.8616443710226641,
    0.8718389572212999,
    0.8289841529383537,
    0.8602442510310323,
    0.8951014334344574,
    0.8843688483638896,
    0.8918683369113714
  ],
  "train_acc": [
    0.18458333333333332,
    0.3016666666666667,
    0.3425,
    0.4025,
    0.4895833333333333,
    0.53375,
    0.5879166666666666,
    0.6029166666666667,
    0.6375,
    0.66,
    0.7066666666666667,
    0.685,
    0.725,
    0.7275,
    0.7579166666666667,
    0.7654166666666666,
    0.7829166666666667,
    0.7979166666666667,
    0.7908333333333334,
    0.7979166666666667
  ],
  "val_acc": [
    0.25333333333333335,
    0.33,
    0.35333333333333333,
    0.5366666666666666,
    0.6533333333333333,
    0.59,
    0.6533333333333333,
    0.7366666666666667,
    0.76,
    0.63,
    0.7333333333333333,
    0.77,
    0.79,
    0.8933333333333333,
    0.8833333333333333,
    0.7633333333333333,
    0.88,
    0.7833333333333333,
    0.85,
    0.8933333333333333
  ],
  "train_macro_f1": [
    0.16807081842830454,
    0.2871396186847766,
    0.3346523806332033,
    0.39847330632168043,
    0.4791792937762941,
    0.5333554886891666,
    0.5860948369874135,
    0.6027799942651881,
    0.6378775738090668,
    0.6600107326884925,
    0.7065624224056053,
    0.685087973919626,
    0.7255661640806045,
    0.7285323478582197,
    0.7579425833428346,
    0.7656345883983272,
    0.7831571151901925,
    0.7981717054540518,
    0.7919785868863446,
    0.7984005580605913
  ],
  "val_macro_f1": [
    0.15496710489670595,
    0.2656573782101875,
    0.32781141810411524,
    0.5209510170595506,
    0.646081940721899,
    0.5840967667921733,
    0.6516891601964954,
    0.7333458740859419,
    0.7576583541303589,
    0.5957443560915896,
    0.7312935590178267,
    0.7623739029680399,
    0.7917584695952553,
    0.8928818435468038,
    0.8833599211265097,
    0.765368286242391,
    0.8792174478570555,
    0.7842202793991586,
    0.8489853372078281,
    0.8923121631722062
  ],
  "train_det_acc_iou50": [
    0.7883333333333333,
    0.8495833333333334,
    0.8683333333333333,
    0.8754166666666666,
    0.90625,
    0.89625,
    0.9129166666666667,
    0.9091666666666667,
    0.92875,
    0.93,
    0.9333333333333333,
    0.93125,
    0.94375,
    0.9475,
    0.9491666666666667,
    0.9579166666666666,
    0.95,
    0.9579166666666666,
    0.9654166666666667,
    0.9608333333333333
  ],
  "val_det_acc_iou50": [
    0.81,
    0.8966666666666666,
    0.8466666666666667,
    0.8866666666666667,
    0.9533333333333334,
    0.9433333333333334,
    0.9366666666666666,
    0.9333333333333333,
    0.95,
    0.9566666666666667,
    0.9633333333333334,
    0.9733333333333334,
    0.9533333333333334,
    0.9666666666666667,
    0.95,
    0.9266666666666666,
    0.9666666666666667,
    0.9766666666666667,
    0.96,
    0.96
  ],