{
  "train": {
    "loss": [
      2.710104014078776,
      2.2596547261873883,
      1.4253927183151245,
      1.2143380276362101,
      1.0883859554926554,
      1.0042790977160136,
      0.9380034426848094,
      0.8916428395112356,
      0.8495185645421346,
      0.8137157515684763,
      0.7825847438971202,
      0.7555100520451864,
      0.7276897549629211,
      0.700706076224645,
      0.684340854883194,
      0.6676651298999786,
      0.6510593223571778,
      0.6416989036401113,
      0.6325090952714284,
      0.6314572513103485
    ],
    "det_acc_iou50": [
      0.0,
      0.055,
      0.4320833333333333,
      0.5995833333333334,
      0.6791666666666667,
      0.7641666666666667,
      0.8179166666666666,
      0.8608333333333333,
      0.875,
      0.8845833333333334,
      0.89875,
      0.9045833333333333,
      0.925,
      0.9295833333333333,
      0.9291666666666667,
      0.9391666666666667,
      0.9425,
      0.9420833333333334,
      0.9545833333333333,
      0.9479166666666666
    ],
    "mean_bbox_iou": [
      0.00037304159859132826,
      0.06870959066099583,
      0.40353705068429313,
      0.49019138236840565,
      0.5328262603282928,
      0.586573507587115,
      0.6329271485408147,
      0.6657311407725016,
      0.6878858252366384,
      0.7021963004271189,
      0.7208065851529439,
      0.7354798209667206,
      0.7531259616216024,
      0.7648601766427358,
      0.7711634683609009,
      0.7800716499487559,
      0.7872738150755564,
      0.7938972822825114,
      0.8002146903673808,
      0.7957863887151082
    ],
    "top1_acc": [
      0.10583333333333333,
      0.10583333333333333,
      0.08791666666666667,
      0.09916666666666667,
      0.09166666666666666,
      0.09208333333333334,
      0.08458333333333333,
      0.09,
      0.09458333333333334,
      0.08,
      0.09041666666666667,
      0.09625,
      0.09041666666666667,
      0.08583333333333333,
      0.09625,
      0.08583333333333333,
      0.08916666666666667,
      0.09208333333333334,
      0.09583333333333334,
      0.0975
    ],
    "macro_f1": [
      0.07596242742997301,
      0.07727383377220035,
      0.07081518060803238,
      0.07738932774697457,
      0.0696443241992501,
      0.06728734524781721,
      0.057097963993040936,
      0.06600158518236432,
      0.0726247269347815,
      0.05996436544747302,
      0.06440083627417381,
      0.06953658253908686,
      0.06650707063057751,
      0.06326675439832856,
      0.07193594577665757,
      0.0632709050870405,
      0.06937933861710571,
      0.06602941335734955,
      0.07195692373615771,
      0.07329211458282212
    ]
  },
  "val": {
    "loss": [
      2.5246108412742614,
      1.591487431526184,
      1.2177563726902008,
      1.081100994348526,
      1.0148277223110198,
      0.8806811839342117,
      0.8572056353092193,
      0.8015112102031707,
      0.8167706817388535,
      0.7160029947757721,
      0.7378323167562485,
      0.6857938677072525,
      0.6423829793930054,
      0.6186525672674179,
      0.6029826790094376,
      0.6111433491110801,
      0.5730777829885483,
      0.565785002708435,
      0.5602578416466713,
      0.5629563882946969
    ],
    "det_acc_iou50": [
      0.0,
      0.290625,
      0.6875,
      0.85,
      0.846875,
      0.896875,
      0.925,
      0.921875,
      0.95,
      0.921875,
      0.953125,
      0.9625,
      0.984375,
      0.984375,
      0.975,
      0.990625,
      0.98125,
      0.984375,
      0.9875,
      0.9875
    ],
    "mean_bbox_iou": [
      0.0011540460759533744,
      0.3178268253803253,
      0.519869813323021,
      0.6055963128805161,
      0.6184654295444488,
      0.6744175016880035,
      0.6979774832725525,
      0.731713542342186,
      0.7345956146717072,
      0.7547660499811173,
      0.7689115405082703,
      0.7760686308145524,
      0.8028177112340927,
      0.8122512042522431,
      0.8131502240896225,
      0.8166798055171967,
      0.8236710220575333,
      0.8314321458339691,
      0.8327667474746704,
      0.8320725560188293
    ],
    "top1_acc": [
      0.109375,
      0.1125,
      0.0875,
      0.13125,
      0.109375,
      0.090625,
      0.121875,
      0.09375,
      0.090625,
      0.090625,
      0.11875,
      0.08125,
      0.096875,
      0.109375,
      0.1,
      0.109375,
      0.10625,
      0.109375,
      0.1125,
      0.10625
    ],
    "macro_f1": [
      0.05991620786245533,
      0.07592084890447534,
      0.05625553572806878,
      0.06311781408555603,
      0.05360942028985508,
      0.058637314080561796,
      0.05930605340502364,
      0.04741818181818182,
      0.04032044177409633,
      0.045109454736887086,
      0.05711251270556961,
      0.042298692595200395,
      0.04970501089155876,
      0.056339516412006775,
      0.050490902435001594,
      0.05644704945909764,
      0.056676403148608154,
      0.05608683998927901,
      0.05904560916013276,
      0.05554428551665029
    ]
  }
}