{
  "train": {
    "loss": [
      2.0289571619033815,
      1.3358203585942585,
      1.1442894705136617,
      1.0544283151626588,
      0.9697060036659241,
      0.9011967996756236,
      0.8519565061728159,
      0.820264501174291,
      0.784263150691986,
      0.7532434809207916,
      0.7335704267024994,
      0.7061759082476298,
      0.6750020958979924,
      0.65753879626592,
      0.6306763052940368,
      0.6098517280817032,
      0.5844558616479237,
      0.5669510140021642,
      0.5552733824650447,
      0.5278943677743276,
      0.507786157131195,
      0.49960056364536287,
      0.4782186367114385,
      0.47239511092503866,
      0.4508414375782013,
      0.44112705886363984,
      0.4238174553712209,
      0.41756819367408754,
      0.40188132762908935,
      0.3929042802254359,
      0.37278356691201525,
      0.36715683102607727,
      0.35311543345451357,
      0.34717628131310146,
      0.33498506208260853,
      0.32450334817171095,
      0.31290353804826737,
      0.29961933722098666,
      0.28837255090475084,
      0.2816345304250717,
      0.2696387168765068,
      0.26172662844260536,
      0.2563059543569883,
      0.24668803046147028,
      0.24155886352062225,
      0.23686464875936508,
      0.23133878429730734,
      0.23193610707918802,
      0.22977831810712815,
      0.22830210953950883
    ],
    "det_acc_iou50": [
      0.27458333333333335,
      0.6545833333333333,
      0.79125,
      0.8266666666666667,
      0.86,
      0.8883333333333333,
      0.8916666666666667,
      0.9158333333333334,
      0.9133333333333333,
      0.9191666666666667,
      0.9316666666666666,
      0.9270833333333334,
      0.9445833333333333,
      0.95,
      0.95,
      0.9545833333333333,
      0.9608333333333333,
      0.97,
      0.9683333333333334,
      0.97375,
      0.9745833333333334,
      0.9708333333333333,
      0.9766666666666667,
      0.98375,
      0.9808333333333333,
      0.98375,
      0.9845833333333334,
      0.98625,
      0.98875,
      0.9870833333333333,
      0.99,
      0.9941666666666666,
      0.9920833333333333,
      0.99125,
      0.9891666666666666,
      0.995,
      0.9933333333333333,
      0.99375,
      0.9941666666666666,
      0.9945833333333334,
      0.9954166666666666,
      0.995,
      0.9954166666666666,
      0.9958333333333333,
      0.9958333333333333,
      0.9970833333333333,
      0.99625,
      0.9954166666666666,
      0.9954166666666666,
      0.9958333333333333
    ],
    "mean_bbox_iou": [
      0.24826327057693803,
      0.5217535217603048,
      0.5997655095656713,
      0.62962515493234,
      0.6603521891434987,
      0.6810819617907207,
      0.7053206870953243,
      0.7227074555555979,
      0.7269548296928405,
      0.7452617073059082,
      0.7558438098430633,
      0.7580077695846558,
      0.7825292094548544,
      0.7899606982866924,
      0.7995826478799184,
      0.8095682521661123,
      0.819429962237676,
      0.8312343446413676,
      0.8301899349689483,
      0.8430445206165313,
      0.8494325077533722,
      0.8489294834931691,
      0.8571849282582601,
      0.8637599929173787,
      0.8681459800402324,
      0.872276584704717,
      0.8767546192804972,
      0.8790117514133453,
      0.8867711476484934,
      0.8857627761363983,
      0.8934284619490306,
      0.8967459825674693,
      0.899743316968282,
      0.8992858743667602,
      0.9031408472855886,
      0.9078804131348928,
      0.9111017592748006,
      0.9144804088274637,
      0.9176677767435709,
      0.9189519913991292,
      0.9221706096331278,
      0.9242580342292785,
      0.9258836742242177,
      0.9285324939092,
      0.929305294752121,
      0.9311253345012664,
      0.9326272400220236,
      0.9319946173826853,
      0.9327181228001913,
      0.9334827554225922
    ],
    "top1_acc": [
      0.09833333333333333,
      0.09791666666666667,
      0.10083333333333333,
      0.10125,
      0.09291666666666666,
      0.09708333333333333,
      0.09,
      0.09916666666666667,
      0.09375,
      0.09875,
      0.1,
      0.10666666666666667,
      0.09875,
      0.09458333333333334,
      0.08916666666666667,
      0.10166666666666667,
      0.10291666666666667,
      0.105,
      0.09791666666666667,
      0.095,
      0.10208333333333333,
      0.09833333333333333,
      0.09625,
      0.09458333333333334,
      0.09583333333333334,
      0.10291666666666667,
      0.08416666666666667,
      0.11083333333333334,
      0.1125,
      0.1025,
      0.09583333333333334,
      0.09583333333333334,
      0.10916666666666666,
      0.10208333333333333,
      0.10458333333333333,
      0.10458333333333333,
      0.1025,
      0.09541666666666666,
      0.095,
      0.10166666666666667,
      0.10583333333333333,
      0.10375,
      0.09,
      0.0975,
      0.09833333333333333,
      0.08875,
      0.10583333333333333,
      0.095,
      0.09666666666666666,
      0.09708333333333333
    ],
    "macro_f1": [
      0.0761582684733908,
      0.07526088904856573,
      0.07837838906101866,
      0.07877437477521773,
      0.07562402417068112,
      0.07396462854292007,
      0.06860235893224528,
      0.07795891886793083,
      0.06948894209612394,
      0.07462710058721064,
      0.07621904314683225,
      0.08779238325163566,
      0.07777035870212198,
      0.07695373675569075,
      0.06963451443393318,
      0.07761622969217404,
      0.07659042556893011,
      0.08026250444974613,
      0.0766721042389815,
      0.07100324880214877,
      0.0832855644475863,
      0.07602747334959967,
      0.07249649483480214,
      0.07633490360727922,
      0.0741252287512698,
      0.08318352746221976,
      0.06513147084092116,
      0.08647161530949632,
      0.08688692218526223,
      0.08196188237559056,
      0.07681177854282943,
      0.07516291523839141,
      0.08541638235140428,
      0.08183600553553076,
      0.08279318541690298,
      0.08332671556567812,
      0.07883821938852081,
      0.07062327205904953,
      0.07576517052606115,
      0.07786093122945772,
      0.08269256537427941,
      0.08383236184315854,
      0.06871644553674913,
      0.07524686543772711,
      0.07629318918301194,
      0.06233362575794105,
      0.07903817700633209,
      0.07645975752394571,
      0.0748207659670298,
      0.07381138054311816
    ]
  },
  "val": {
    "loss": [
      1.4116767519398739,
      1.116913356279072,
      1.0597145996595685,
      0.9296683198527286,
      0.8831416305742765,
      0.883924851292058,
      0.8457488480367159,
      0.7087199029169584,
      0.7191085031158045,
      0.78488878827346,
      0.6804716022391069,
      0.6133154285581488,
      0.7446370909088537,
      0.6603592006783736,
      0.5970704226117385,
      0.5798553981279072,
      0.5056757738715724,
      0.5014393909981376,
      0.5449472289336356,
      0.5093094722220772,
      0.46135647359647247,
      0.45676021356331675,
      0.4044432702817415,
      0.40466689749767903,
      0.41278689942861857,
      0.41166983309545013,
      0.380513923732858,
      0.337978828110193,
      0.34691145780839416,
      0.32995887100696564,
      0.3440389390054502,
      0.317584313060108,
      0.32275429524873434,
      0.2889391136796851,
      0.2961049479873557,
      0.27020169010287837,
      0.26293301739190755,
      0.24557018985873774,
      0.24455427025493823,
      0.24956658325697245,
      0.23818680251899518,
      0.23321484499856046,
      0.2247617040809832,
      0.22270951694563815,
      0.21757662296295166,
      0.21278426051139832,
      0.21280087844321602,
      0.20624544432288722,
      0.20678203905883588,
      0.20852846848337273
    ],