{
  "train": {
    "loss": [
      2.815024792353312,
      1.5197889049847921,
      1.225335296789805,
      1.1040247511863708,
      1.02552530447642,
      0.9691965957482656,
      0.9224156133333842,
      0.8952850206693014,
      0.8696229267120361,
      0.8513693193594615
    ],
    "det_acc_iou50": [
      0.015,
      0.47708333333333336,
      0.7375,
      0.8275,
      0.85875,
      0.87,
      0.8933333333333333,
      0.8979166666666667,
      0.9041666666666667,
      0.9120833333333334
    ],
    "mean_bbox_iou": [
      0.023426805755264606,
      0.41402597854534784,
      0.5613192323843638,
      0.6163420854012172,
      0.6529360787073771,
      0.6778903194268544,
      0.7001885064442952,
      0.7107591394583385,
      0.7215874063968658,
      0.7332611481348673
    ],
    "top1_acc": [
      0.10166666666666667,
      0.09916666666666667,
      0.10041666666666667,
      0.10708333333333334,
      0.10666666666666667,
      0.1025,
      0.11791666666666667,
      0.1125,
      0.11041666666666666,
      0.10583333333333333
    ],
    "macro_f1": [
      0.0775369976659812,
      0.073510888053219,
      0.07156787966441516,
      0.07245533276114481,
      0.07741549702103646,
      0.07510714100601905,
      0.08463132586446008,
      0.07965526420458693,
      0.0773869940928337,
      0.07454414056180976
    ]
  },
  "val": {
    "loss": [
      1.8539612114429473,
      1.3824649155139923,
      1.1956182181835175,
      0.9918413788080216,
      0.8905056893825531,
      0.8580873787403107,
      0.8253010421991348,
      0.7810198277235031,
      0.777943280339241,
      0.7731245964765548
    ],
    "det_acc_iou50": [
      0.19375,
      0.615625,
      0.846875,
      0.8875,
      0.934375,
      0.965625,
      0.934375,
      0.9625,
      0.959375,
      0.953125
    ],
    "mean_bbox_iou": [
      0.24352495260536672,
      0.5164727836847305,
      0.6351458430290222,
      0.6574042767286301,
      0.7423540741205216,
      0.7534566104412079,
      0.7521258890628815,
      0.7710428237915039,
      0.7739663392305374,
      0.7765933036804199
    ],
    "top1_acc": [
      0.115625,
      0.109375,
      0.140625,
      0.11875,
      0.115625,
      0.125,
      0.121875,
      0.128125,
      0.134375,
      0.121875
    ],
    "macro_f1": [
      0.06146310039167182,
      0.05779276353046845,
      0.06551836992647515,
      0.05051644708908056,
      0.04829769671148981,
      0.05214487214487214,
      0.06149409040593208,
      0.06252604340443832,
      0.06560013497275856,
      0.05556475670857504
    ]
  }
}