{
  "model": "rgb_dynamic",
  "dataset": "dataset/dataset_v1/test",
  "weights": "weights/rgb_dynamic/s2/default/best_model.pth",
  "total_samples": 3450,
  "image_classifier_top1_percent": 77.42028985507247,
  "classification_macro_f1": 0.7775855486191359,
  "detector_class_top1_percent": 70.43478260869566,
  "detection_acc_iou50_percent": 91.15942028985508,
  "mean_bbox_iou": 0.753465393929442,
  "segmentation_miou": 0.8600411292410417,
  "segmentation_hand_iou": 0.7292287378827059,
  "segmentation_background_iou": 0.9908535205993776,
  "segmentation_dice": 0.8434150114525447,
  "speed_throughput_fps": 602.687413826539,
  "speed_avg_image_latency_ms": 1.6592349152454882,
  "speed_avg_batch_latency_ms": 13.250564545637271,
  "speed_warmup_batches": 5,
  "speed_measured_batches": 427,
  "speed_measured_images": 3410
}