{
  "train": {
    "loss": [
      2.001746894518534,
      1.3720188641548157,
      1.1695307366053262,
      1.0091557276248933,
      0.9374258669217428,
      0.8925431136290233,
      0.8284210050106049,
      0.8126557660102844,
      0.768248233795166,
      0.7406598873933157,
      0.7055654617150625,
      0.693637973467509,
      0.6599270633856456,
      0.6428693087895712,
      0.6273605720202128,
      0.6012309052546819,
      0.5722782393296559,
      0.5512199062108993,
      0.5438852526744207,
      0.5284355552991231,
      0.5020646804571152,
      0.4963309729099274,
      0.4655151516199112,
      0.467714746594429,
      0.4512761475642522,
      0.43601802666982015,
      0.41768151700496675,
      0.42401666402816773,
      0.3959726170698802,
      0.3814978726704915,
      0.3703389506538709,
      0.36977233986059826,
      0.3544250845909119,
      0.33405433108409244,
      0.3282985657453537,
      0.3182758343219757,
      0.29855606585741046,
      0.2902159234881401,
      0.2831818636258443,
      0.26485765308141707,
      0.26200205077727634,
      0.24795786887407303,
      0.2444533462325732,
      0.23638464252154032,
      0.22843363493680954,
      0.22178390880425772,
      0.21781391888856888,
      0.21409580638011297,
      0.21229770104090373,
      0.2127765475710233
    ],
    "det_acc_iou50": [
      0.22541666666666665,
      0.6316666666666667,
      0.7466666666666667,
      0.82625,
      0.8570833333333333,
      0.8808333333333334,
      0.895,
      0.90875,
      0.9179166666666667,
      0.9370833333333334,
      0.935,
      0.9470833333333334,
      0.94625,
      0.9579166666666666,
      0.9479166666666666,
      0.9525,
      0.9658333333333333,
      0.9725,
      0.9708333333333333,
      0.9716666666666667,
      0.9754166666666667,
      0.975,
      0.98,
      0.9795833333333334,
      0.98125,
      0.9829166666666667,
      0.98625,
      0.9866666666666667,
      0.9870833333333333,
      0.9870833333333333,
      0.9891666666666666,
      0.9870833333333333,
      0.9870833333333333,
      0.9933333333333333,
      0.9925,
      0.995,
      0.9933333333333333,
      0.9941666666666666,
      0.99625,
      0.99625,
      0.9954166666666666,
      0.995,
      0.9954166666666666,
      0.9958333333333333,
      0.9966666666666667,
      0.99625,
      0.9966666666666667,
      0.99625,
      0.9970833333333333,
      0.9958333333333333
    ],
    "mean_bbox_iou": [
      0.21059602574189587,
      0.4998941121498744,
      0.56734055519104,
      0.6360932083924612,
      0.6673398931821187,
      0.6816396087408065,
      0.7105327773094178,
      0.7176566910743714,
      0.736264328956604,
      0.7520303150018056,
      0.7668145442008972,
      0.7751478044191996,
      0.7836222354571024,
      0.7975771160920461,
      0.7963361612955729,
      0.807213819026947,
      0.823061986764272,
      0.8328243347009023,
      0.83440531929334,
      0.8373863311608633,
      0.8505417728424072,
      0.8511149636904398,
      0.8640354963143667,
      0.861571899652481,
      0.8664452501138051,
      0.8739865489800771,
      0.881044076681137,
      0.8768472977479299,
      0.887144234975179,
      0.8896106970310211,
      0.8967317819595337,
      0.8946705627441406,
      0.8956606268882752,
      0.9079422958691915,
      0.9079122273127238,
      0.9111425340175628,
      0.9135695087909699,
      0.9168990119298299,
      0.9191539676984152,
      0.9245103100935618,
      0.9252775351206461,
      0.9277913049856822,
      0.9294065014521281,
      0.931337697505951,
      0.9332163643836975,
      0.9343722069263458,
      0.9363589151700338,
      0.9375641787052155,
      0.9380414819717408,
      0.9371011292934418
    ],
    "top1_acc": [
      0.09916666666666667,
      0.10083333333333333,
      0.10958333333333334,
      0.105,
      0.11291666666666667,
      0.09625,
      0.1025,
      0.0925,
      0.08833333333333333,
      0.09416666666666666,
      0.09583333333333334,
      0.09375,
      0.08958333333333333,
      0.09041666666666667,
      0.08875,
      0.08958333333333333,
      0.08625,
      0.08875,
      0.07416666666666667,
      0.07833333333333334,
      0.08458333333333333,
      0.08541666666666667,
      0.08208333333333333,
      0.07833333333333334,
      0.07583333333333334,
      0.09666666666666666,
      0.08958333333333333,
      0.08791666666666667,
      0.08833333333333333,
      0.095,
      0.09541666666666666,
      0.08,
      0.1,
      0.09125,
      0.09541666666666666,
      0.09166666666666666,
      0.08125,
      0.08791666666666667,
      0.09541666666666666,
      0.08583333333333333,
      0.07083333333333333,
      0.08875,
      0.08958333333333333,
      0.08875,
      0.095,
      0.0975,
      0.08875,
      0.09291666666666666,
      0.09333333333333334,
      0.08416666666666667
    ],
    "macro_f1": [
      0.08816024451295945,
      0.08525430027152789,
      0.08865799834549501,
      0.0839895940037707,
      0.0922870838508733,
      0.07748524330595909,
      0.08477095585762298,
      0.07808540857801657,
      0.0719420413432153,
      0.07946437089080342,
      0.0793430731948665,
      0.08359402001402268,
      0.07888236155824986,
      0.07841758542590282,
      0.07500844997953163,
      0.07520463562765804,
      0.07102777129246839,
      0.07590781396091038,
      0.06383778528014794,
      0.06703344413009864,
      0.07289750436301624,
      0.07020066315987275,
      0.06928334225379541,
      0.06633741029994174,
      0.0646975171068823,
      0.08200653422322884,
      0.07705518530255347,
      0.07180926714143818,
      0.0736130792427861,
      0.07779202379408845,
      0.08004742008274793,
      0.06516637273839807,
      0.08452313951312118,
      0.07337315857809149,
      0.08023088020472169,
      0.07802785728779756,
      0.06723989501777415,
      0.07258249142443704,
      0.08017882774947024,
      0.07019127540053752,
      0.058673760305355774,
      0.07446400776864436,
      0.07408708789669602,
      0.0734107252041907,
      0.07935724292432655,
      0.08132374010530134,
      0.07264780019184013,
      0.07918668032261098,
      0.07705872511605669,
      0.0707884467833502
    ]
  },
  "val": {
    "loss": [
      1.5147941363485236,
      1.3375849159140336,
      1.014468745181435,
      0.9154652921777022,
      0.8316826443923148,
      0.7976680868550351,
      0.7463145757976332,
      0.7126151197835019,
      0.6929655482894496,
      0.6528548629660356,
      0.6461768401296515,
      0.5918467797731098,
      0.5696805448908555,
      0.5396944880485535,
      0.5490116743664992,
      0.4925725365939893,
      0.5214038052056965,
      0.4426055581946122,
      0.5080416657422718,
      0.4650124782010129,
      0.472856447884911,
      0.4593093630514647,
      0.40266146942188863,
      0.42217603796406794,
      0.43653586036280584,
      0.39115018985773387,
      0.3733304848796443,
      0.37783162531099823,
      0.39030689785355016,
      0.34205148173005956,
      0.34359708898945857,
      0.3301572329119632,
      0.2892353471956755,
      0.305795146446479,
      0.2624687803419013,
      0.27073949575424194,
      0.26714843746862915,
      0.2768459594563434,
      0.23022120249898811,
      0.22749535033577367,
      0.23374713016183754,
      0.23251519156129738,
      0.21522266221673866,
      0.21229092306212374,
      0.21107085598142525,
      0.20717016882018038,
      0.20343500258106934,
      0.20114193229298843,
      0.20426802062674573,
      0.2018861151055286
    ],