{
  "train": {
    "loss": [
      2.003983176549276,
      1.3684066732724507,
      1.1481928952534994,
      1.010044668118159,
      0.9434740602970123,
      0.8891601141293843,
      0.8486373726526896,
      0.8176375154654185,
      0.7674354549249013,
      0.7419501558939616,
      0.7166565295060475,
      0.6851179003715515,
      0.65940536181132,
      0.6548651985327403,
      0.6169325582186381,
      0.6034690215190252,
      0.5637473005056381,
      0.5509882861375809,
      0.5429150708516439,
      0.5323496031761169,
      0.49468616843223573,
      0.49152714252471924,
      0.46680915137132006,
      0.4616445549329122,
      0.4476968463261922,
      0.44160780966281893,
      0.4091678788264593,
      0.4131208962202072,
      0.39192004164059957,
      0.38498418033123016,
      0.37973853607972463,
      0.3544260291258494,
      0.3452101309100787,
      0.339617206354936,
      0.32686416695515313,
      0.3114455849925677,
      0.29334591448307035,
      0.28482900947332385,
      0.2837815127770106,
      0.262963948349158,
      0.2571196433901787,
      0.24850156714518865,
      0.24189291795094808,
      0.2343903777996699,
      0.2256312245130539,
      0.2211803142229716,
      0.21760088990132015,
      0.21378417193889618,
      0.21095574845870335,
      0.21234128654003143
    ],
    "det_acc_iou50": [
      0.21458333333333332,
      0.6391666666666667,
      0.7629166666666667,
      0.8320833333333333,
      0.8545833333333334,
      0.8795833333333334,
      0.88375,
      0.9020833333333333,
      0.915,
      0.9354166666666667,
      0.9283333333333333,
      0.9483333333333334,
      0.9525,
      0.95125,
      0.9491666666666667,
      0.9566666666666667,
      0.9666666666666667,
      0.9641666666666666,
      0.975,
      0.9741666666666666,
      0.9754166666666667,
      0.9820833333333333,
      0.9858333333333333,
      0.9779166666666667,
      0.9841666666666666,
      0.98375,
      0.9875,
      0.98375,
      0.9879166666666667,
      0.9891666666666666,
      0.9866666666666667,
      0.9920833333333333,
      0.9925,
      0.9929166666666667,
      0.9925,
      0.9925,
      0.995,
      0.9958333333333333,
      0.9945833333333334,
      0.9941666666666666,
      0.9966666666666667,
      0.995,
      0.9958333333333333,
      0.9954166666666666,
      0.9970833333333333,
      0.9970833333333333,
      0.9970833333333333,
      0.99625,
      0.9970833333333333,
      0.9966666666666667
    ],
    "mean_bbox_iou": [
      0.2101431358620736,
      0.49841572940349577,
      0.5788321286439896,
      0.6351635394493739,
      0.6602745179335276,
      0.6831762848297754,
      0.6986417543888092,
      0.7098911492029826,
      0.737902471224467,
      0.753392669359843,
      0.7578257020314535,
      0.7790459628899892,
      0.7868893047173818,
      0.7889481647809347,
      0.8024180086453756,
      0.8094413141409557,
      0.8281768667697906,
      0.8274944718678793,
      0.8377650451660156,
      0.8396812184651693,
      0.8518563810984293,
      0.8569925379753113,
      0.8662883778413136,
      0.8617979598045349,
      0.8689607135454813,
      0.8743751470247905,
      0.8837946859995524,
      0.8807875148455302,
      0.8878611250718434,
      0.8905251125494639,
      0.8903093540668487,
      0.9004000111420949,
      0.9019982675711314,
      0.9039280335108439,
      0.9080229477087657,
      0.911193436384201,
      0.917282753388087,
      0.9196765780448913,
      0.9195447369416555,
      0.9234711790084839,
      0.9268912132581075,
      0.9275285589694977,
      0.9304017921288809,
      0.9321982379754384,
      0.9340516956647237,
      0.9358892297744751,
      0.9370319628715515,
      0.9381606785456339,
      0.938699912627538,
      0.9389876421292623
    ],
    "top1_acc": [
      0.10291666666666667,
      0.09166666666666666,
      0.10541666666666667,
      0.105,
      0.09208333333333334,
      0.09375,
      0.09125,
      0.09041666666666667,
      0.10041666666666667,
      0.10291666666666667,
      0.10125,
      0.08958333333333333,
      0.07916666666666666,
      0.0875,
      0.08625,
      0.08916666666666667,
      0.08208333333333333,
      0.08375,
      0.07916666666666666,
      0.08958333333333333,
      0.0925,
      0.09666666666666666,
      0.08791666666666667,
      0.09708333333333333,
      0.08916666666666667,
      0.10791666666666666,
      0.08875,
      0.09708333333333333,
      0.10083333333333333,
      0.09083333333333334,
      0.1,
      0.09,
      0.10958333333333334,
      0.1075,
      0.10166666666666667,
      0.10375,
      0.09375,
      0.11333333333333333,
      0.11208333333333333,
      0.09833333333333333,
      0.09708333333333333,
      0.105,
      0.0975,
      0.10166666666666667,
      0.105,
      0.11083333333333334,
      0.10458333333333333,
      0.10333333333333333,
      0.10583333333333333,
      0.09375
    ],
    "macro_f1": [
      0.0897498408667991,
      0.07445466730561442,
      0.08297790136620375,
      0.08841269709146955,
      0.07829439029913365,
      0.07729935003239903,
      0.07771833596406746,
      0.08119891099489492,
      0.08456442298471951,
      0.08645639295018373,
      0.08463497204719295,
      0.07778710791423812,
      0.066352633283469,
      0.07447055289061592,
      0.07331321745783466,
      0.07592628832143293,
      0.07157262996619361,
      0.07010960997708879,
      0.0688477630883372,
      0.07735718705928771,
      0.07850819828775865,
      0.08351539699009886,
      0.07537810845925472,
      0.08374481045010337,
      0.07609306707878223,
      0.08863680523434284,
      0.07625646245153084,
      0.08229283198840882,
      0.0844753477891533,
      0.0772769236063104,
      0.08369310824313297,
      0.07787396730306274,
      0.09156336778309365,
      0.08456211585694304,
      0.08578666742978691,
      0.08624610194958247,
      0.07503199825855676,
      0.09367911948883391,
      0.09310719275442722,
      0.08060237651776209,
      0.08004519985962204,
      0.08676603867711846,
      0.07846140080340866,
      0.08463597278454439,
      0.0905790285521756,
      0.09187868717977973,
      0.08636284017924022,
      0.08466827626864944,
      0.08627370562284084,
      0.07839172395320412
    ]
  },
  "val": {
    "loss": [
      1.5047687982258044,
      1.297187372257835,
      0.9684472397754067,
      0.9039703450704876,
      0.8299642518946999,
      0.7728487002222162,
      0.7781870898447538,
      0.7205790406779239,
      0.8069722338726646,
      0.6566442894308191,
      0.706590429732674,
      0.6307861679478696,
      0.5781756984560114,
      0.5851116211790788,
      0.5647251307964325,
      0.507470179545252,
      0.4772302602466784,
      0.46726464754656744,
      0.4953562617301941,
      0.490259681877337,
      0.4806666938882125,
      0.4409975189911692,
      0.4415488948947505,
      0.4175979871498911,
      0.4194204822966927,
      0.36655545077825846,
      0.3497995859698245,
      0.4037574796300185,
      0.38671233936360006,
      0.32749734426799576,
      0.31090593338012695,
      0.29152023007995204,
      0.2719028035276814,
      0.33658590677537414,
      0.28314630216673803,
      0.28840725594445277,
      0.2644608420761008,
      0.26359748448196213,
      0.2347505869049775,
      0.22358439156883642,
      0.23786878350533938,
      0.21703080754531057,
      0.21134426248700997,
      0.2074843790186079,
      0.20106992439219826,
      0.20436033998665057,
      0.2018969894239777,
      0.20252196569191783,
      0.20535159189450114,
      0.2046014831254357
    ],