{
  "train_loss": [
    2.253429431915283,
    1.401684807141622,
    1.0111801886558534,
    0.833128809928894,
    0.7101375190416972,
    0.6123737812042236,
    0.559246498743693,
    0.5125115728378296,
    0.46792790611584983,
    0.42165504654248553,
    0.3918083862463633,
    0.34646566490332287,
    0.3215614918867747,
    0.2858405647675196,
    0.27071054379145304,
    0.2644911621014277,
    0.2393230245510737,
    0.23809944748878478,
    0.22980209887027742,
    0.2403653593858083
  ],
  "val_loss": [
    1.1786436557769775,
    0.8631197154521942,
    0.7295751214027405,
    0.5809066593647003,
    0.7224905699491501,
    0.5778600364923477,
    0.49954201877117155,
    0.6104378968477249,
    0.45232156217098235,
    0.4027271181344986,
    0.3791128918528557,
    0.36851065009832384,
    0.32082257270812986,
    0.32044925093650817,
    0.30113588869571684,
    0.3117917403578758,
    0.2903358668088913,
    0.2912024989724159,
    0.28551809638738634,
    0.2929317817091942
  ],
  "train_miou": [
    0.7665426593782974,
    0.9092054525819728,
    0.926333583735963,
    0.9314574684864579,
    0.9337825173057575,
    0.9386084023161383,
    0.9405982011827035,
    0.9450968907258057,
    0.9463714706965357,
    0.948915461254345,
    0.9508520232702133,
    0.9522553839793182,
    0.9547708901514689,
    0.9552315562767051,
    0.9565351939855455,
    0.9578134222723976,
    0.9577169009662546,
    0.9588712506497108,
    0.9593537984591544,
    0.9596589643028369
  ],
  "val_miou": [
    0.8886061788587516,
    0.9347704573544999,
    0.9356691044506473,
    0.9398240546725098,
    0.9466255908525443,
    0.9386532204593707,
    0.9519105698058477,
    0.9443427829373592,
    0.9567669208294621,
    0.9531120807034411,
    0.9563338989282133,
    0.9603573378410866,
    0.9600931591548676,
    0.9576409752652199,
    0.9587979108252039,
    0.9600102092324025,
    0.9609064207520115,
    0.961777825609542,
    0.9619924701913378,
    0.961542350713404
  ],
  "train_hand_iou": [
    0.5535795694155627,
    0.8238485716977458,
    0.8568503945848747,
    0.8667324817166713,
    0.8712316943324261,
    0.8805959364512861,
    0.8844541575232648,
    0.8931840274546312,
    0.8956657410216645,
    0.9006185557606188,
    0.904366155786435,
    0.9071080866638309,
    0.9120010698510296,
    0.9128822591105892,
    0.9154263258793217,
    0.9179080200899059,
    0.9177265614077069,
    0.9199629972823027,
    0.9209052612775921,
    0.9214994125493436
  ],
  "train_background_iou": [
    0.9795057493410321,
    0.9945623334661998,
    0.9958167728870514,
    0.9961824552562446,
    0.9963333402790888,
    0.9966208681809906,
    0.9967422448421422,
    0.9970097539969801,
    0.9970772003714069,
    0.9972123667480712,
    0.9973378907539916,
    0.9974026812948054,
    0.9975407104519081,
    0.9975808534428209,
    0.9976440620917694,
    0.9977188244548894,
    0.9977072405248023,
    0.9977795040171188,
    0.9978023356407166,
    0.9978185160563302
  ],
  "val_hand_iou": [
    0.7841494760612209,
    0.8731991572804094,
    0.8748031903936433,
    0.8828598446848605,
    0.8961090401593099,
    0.8805063583038274,
    0.9063949112185273,
    0.8916174748906279,
    0.9158361050346022,
    0.908694848334203,
    0.9149763645761064,
    0.9228144947493577,
    0.9222838895756077,
    0.9175093562011188,
    0.9197549409564741,
    0.9221234462761486,
    0.9238673986702284,
    0.9255633966877573,
    0.9259839750545538,
    0.9251050285916892
  ],
  "val_background_iou": [
    0.9930628816562823,
    0.9963417574285905,
    0.9965350185076515,
    0.9967882646601591,
    0.9971421415457787,
    0.9968000826149139,
    0.9974262283931679,
    0.9970680909840905,
    0.997697736624322,
    0.9975293130726792,
    0.9976914332803201,
    0.9979001809328153,
    0.9979024287341274,
    0.9977725943293209,
    0.9978408806939337,
    0.9978969721886566,
    0.9979454428337946,
    0.9979922545313265,
    0.9980009653281219,
    0.9979796728351187
  ],
  "train_dice": [
    0.7126504239802953,
    0.9034177337769429,
    0.922907302692456,
    0.9286092037350878,
    0.9311852690088638,
    0.9365073266222029,
    0.9386847156692859,
    0.9435786637768215,
    0.9449616793084499,
    0.9477109996963019,
    0.9497817980418415,
    0.9512917416764416,
    0.9539754806958206,
    0.9544573428529172,
    0.9558460312578962,
    0.9571971236106277,
    0.9570984517563859,
    0.9583132576872632,
    0.9588242375525579,
    0.9591461819150359
  ],
  "val_dice": [
    0.8790176905943432,
    0.9323078690128788,
    0.9332213587816278,
    0.9377860462392804,
    0.9452083410604059,
    0.9364566670202843,
    0.9508994237077342,
    0.9427037831125774,
    0.9560693658793544,
    0.9521635678194014,
    0.9556006867778161,
    0.9598580593908496,
    0.959570950552184,
    0.9569803174455911,
    0.9582003633216094,
    0.9594841039607906,
    0.9604273135547728,
    0.9613429485415623,
    0.9615697607539285,
    0.9610956439799546
  ],
  "train_acc": [
    0.6866666666666666,
    0.8258333333333333,
    0.8675,
    0.8779166666666667,
    0.8866666666666667,
    0.9029166666666667,
    0.91125,
    0.915,
    0.9245833333333333,
    0.9358333333333333,
    0.9425,
    0.9533333333333334,
    0.9583333333333334,
    0.9679166666666666,
    0.9716666666666667,
    0.9666666666666667,
    0.9754166666666667,
    0.9733333333333334,
    0.9783333333333334,
    0.9741666666666666
  ],
  "val_acc": [
    0.86,
    0.8933333333333333,
    0.91,
    0.93,
    0.9066666666666666,
    0.9333333333333333,
    0.9466666666666667,
    0.9266666666666666,
    0.95,
    0.9633333333333334,
    0.9733333333333334,
    0.9666666666666667,
    0.9766666666666667,
    0.9766666666666667,
    0.9833333333333333,
    0.9766666666666667,
    0.9866666666666667,
    0.98,
    0.9866666666666667,
    0.9833333333333333
  ],
  "train_macro_f1": [
    0.6816888471529653,
    0.825699759471951,
    0.8674056104478403,
    0.8777955151029857,
    0.8866302285577412,
    0.9029602519074915,
    0.9112407312235883,
    0.9150668785043982,
    0.924583529102005,
    0.9358079592982476,
    0.9425104511099797,
    0.9533502946622437,
    0.9583169426054117,
    0.9679084028597711,
    0.9716781031621524,
    0.9667287359112857,
    0.9754246305603548,
    0.9733481631618293,
    0.9783371420790816,
    0.9741984728280505
  ],
  "val_macro_f1": [
    0.8604199067651332,
    0.8945579030020733,
    0.9094846892029057,
    0.9312946185315438,
    0.9074139808250162,
    0.9331503656241628,
    0.9466063817433042,
    0.9259333953955908,
    0.9501510230733754,
    0.9632637675999277,
    0.9734810298974674,
    0.9667479443529006,
    0.9768701196654301,
    0.9766593468317067,
    0.9833305547837362,
    0.9767900744846278,
    0.9866045165802761,
    0.9801514971089853,
    0.9866638881170695,
    0.9833825106735145
  ],
  "train_det_acc_iou50": [
    0.9925,
    0.9945833333333334,
    0.9941666666666666,
    0.9929166666666667,
    0.99375,
    0.9945833333333334,
    0.995,
    0.9954166666666666,
    0.995,
    0.9945833333333334,
    0.9945833333333334,
    0.9958333333333333,
    0.99625,
    0.9975,
    0.9966666666666667,
    0.9958333333333333,
    0.9975,
    0.9966666666666667,
    0.9970833333333333,
    0.9966666666666667
  ],
  "val_det_acc_iou50": [
    1.0,
    1.0,
    0.9966666666666667,
    0.9966666666666667,
    1.0,
    0.9966666666666667,
    0.9966666666666667,
    1.0,
    1.0,
    1.0,
    0.9966666666666667,
    1.0,
    1.0,
    0.9966666666666667,
    1.0,
    1.0,
    1.0,
    1.0,
    1.0,
    1.0
  ],