{
  "model": "rgb_v1",
  "dataset": "dataset/dataset_v1/test",
  "weights": "_combined_issue/weights/rgb_v1/s2/lr5e4_sche_freeze/best_model.pth",
  "total_samples": 3450,
  "image_classifier_top1_percent": 89.04347826086956,
  "classification_macro_f1": 0.8942037590377995,
  "detector_class_top1_percent": 87.94202898550725,
  "detection_acc_iou50_percent": 91.73913043478261,
  "mean_bbox_iou": 0.8424495826175582,
  "segmentation_miou": 0.8262766944106549,
  "segmentation_hand_iou": 0.6652322912510762,
  "segmentation_background_iou": 0.9873210975702336,
  "segmentation_dice": 0.798966360124199,
  "speed_throughput_fps": 629.1173262572336,
  "speed_avg_image_latency_ms": 1.5895286272740798,
  "speed_avg_batch_latency_ms": 12.693893721322278,
  "speed_warmup_batches": 5,
  "speed_measured_batches": 427,
  "speed_measured_images": 3410
}