{
  "train_loss": [
    1.891464672088623,
    1.0618378623326619,
    0.8164323425292969,
    0.689038208325704,
    0.6197812787691752,
    0.572835461695989,
    0.5414718480904898,
    0.5152689083417257,
    0.48408084630966186,
    0.48572766383488974,
    0.45746997793515526,
    0.4349487257003784,
    0.43853750864664715,
    0.4277684660752614,
    0.41579133152961734,
    0.4038947602113088,
    0.3879658130804698,
    0.38742688596248626,
    0.39817244847615557,
    0.3946162043015162
  ],
  "val_loss": [
    1.120846688747406,
    0.7299471616744995,
    0.6406473219394684,
    0.5482459187507629,
    0.46019241511821746,
    0.41857657581567764,
    0.3983874887228012,
    0.3675631761550903,
    0.38957743942737577,
    0.34806074798107145,
    0.3648250997066498,
    0.39323059320449827,
    0.3583217665553093,
    0.3283564865589142,
    0.32610978484153746,
    0.33324521631002424,
    0.3184928670525551,
    0.3234687581658363,
    0.3270526692271233,
    0.32376720309257506
  ],
  "train_miou": [
    0.7568498347726835,
    0.8863532767232241,
    0.9074217920775255,
    0.9176235920249856,
    0.9238626482715979,
    0.9266406397755726,
    0.9318125877081003,
    0.9337305653073356,
    0.936283914075374,
    0.9380774523514066,
    0.9390595094092975,
    0.9412832714796004,
    0.9429480201088037,
    0.944751689922424,
    0.9456351681457209,
    0.9466500987355044,
    0.9461555585697538,
    0.9482314905647163,
    0.9478387442018187,
    0.946405180632269
  ],
  "val_miou": [
    0.8584937360929425,
    0.8844082118618943,
    0.9042532541773927,
    0.9120590540031497,
    0.9194711215023554,
    0.920786062847788,
    0.9216627630385534,
    0.9310730081799774,
    0.9349563391472892,
    0.9373873887232747,
    0.9385483897551794,
    0.9428701547055032,
    0.941108325391679,
    0.9445777425070001,
    0.9437640881238891,
    0.9446449145434633,
    0.9455581987926418,
    0.9454594081465695,
    0.9442220869008835,
    0.9465584190928956
  ],
  "train_hand_iou": [
    0.5356534943928946,
    0.7798476092253499,
    0.8202504869933581,
    0.8399052060999409,
    0.8519774296609346,
    0.8573330608124378,
    0.8673734773702048,
    0.8711058627933177,
    0.8760770011424757,
    0.879542581503906,
    0.8814495936149536,
    0.8857738101927444,
    0.8890199086095465,
    0.8925167363872533,
    0.8942287901158845,
    0.8962233715494369,
    0.8952450483950146,
    0.8992762058639103,
    0.8985211876467023,
    0.8957304652218178
  ],
  "train_background_iou": [
    0.9780461751524725,
    0.9928589442210983,
    0.9945930971616929,
    0.9953419779500303,
    0.9957478668822612,
    0.9959482187387074,
    0.9962516980459957,
    0.9963552678213533,
    0.9964908270082723,
    0.9966123231989072,
    0.9966694252036413,
    0.9967927327664565,
    0.996876131608061,
    0.9969866434575948,
    0.9970415461755573,
    0.9970768259215719,
    0.9970660687444929,
    0.9971867752655224,
    0.9971563007569351,
    0.9970798960427202
  ],
  "val_hand_iou": [
    0.7263137217409067,
    0.7761043088937687,
    0.8141350703592418,
    0.8288484128051854,
    0.8433299742176968,
    0.8460340141664956,
    0.8474712569976259,
    0.8658457095942241,
    0.8734017881909726,
    0.8781848537655896,
    0.8804082012778167,
    0.8888176590971624,
    0.8854259379384212,
    0.8921319214054383,
    0.8905737929238026,
    0.8922740071325502,
    0.8940501173785275,
    0.8938528294555089,
    0.8914370998383324,
    0.8959897363271461
  ],
  "val_background_iou": [
    0.9906737504449785,
    0.9927121148300201,
    0.9943714379955436,
    0.995269695201114,
    0.9956122687870141,
    0.9955381115290803,
    0.9958542690794808,
    0.9963003067657308,
    0.9965108901036057,
    0.9965899236809596,
    0.9966885782325421,
    0.9969226503138441,
    0.9967907128449369,
    0.9970235636085618,
    0.9969543833239758,
    0.9970158219543764,
    0.997066280206756,
    0.9970659868376299,
    0.9970070739634346,
    0.9971271018586452
  ],
  "train_dice": [
    0.6976228639451765,
    0.8763082919944658,
    0.9012501222820452,
    0.9129874770888805,
    0.9200732320122466,
    0.9231872074009404,
    0.928976969932886,
    0.9311133914068015,
    0.9339456755868448,
    0.9359113117832581,
    0.9369898578269813,
    0.9394274174400691,
    0.9412499090747314,
    0.9432061753821377,
    0.9441613333954001,
    0.9452719389457975,
    0.944727489622676,
    0.9469672742568404,
    0.9465484962645663,
    0.9449977005217449
  ],
  "val_dice": [
    0.8414620269697599,
    0.8739400101755944,
    0.8975462562421261,
    0.9064156515124765,
    0.9150070644032177,
    0.9165963440261843,
    0.9174391794055554,
    0.9281000086363244,
    0.9324233527441674,
    0.9351420889215553,
    0.936401150217854,
    0.9411365409639479,
    0.9392317355160302,
    0.9429912484566935,
    0.9421201079345504,
    0.9430706163793414,
    0.9440617322375222,
    0.9439517322077192,
    0.9426029550911595,
    0.9451419690307293
  ],
  "train_acc": [
    0.66875,
    0.8720833333333333,
    0.8970833333333333,
    0.9058333333333334,
    0.9170833333333334,
    0.9195833333333333,
    0.9208333333333333,
    0.9291666666666667,
    0.9370833333333334,
    0.935,
    0.9358333333333333,
    0.9475,
    0.9483333333333334,
    0.94625,
    0.9520833333333333,
    0.9545833333333333,
    0.9558333333333333,
    0.9558333333333333,
    0.95375,
    0.9566666666666667
  ],
  "val_acc": [
    0.86,
    0.9333333333333333,
    0.9266666666666666,
    0.91,
    0.94,
    0.9433333333333334,
    0.9566666666666667,
    0.96,
    0.9633333333333334,
    0.9666666666666667,
    0.9533333333333334,
    0.95,
    0.9566666666666667,
    0.96,
    0.9566666666666667,
    0.96,
    0.9666666666666667,
    0.9666666666666667,
    0.9633333333333334,
    0.9633333333333334
  ],
  "train_macro_f1": [
    0.6671427372494045,
    0.8719083911235653,
    0.8968031468152488,
    0.9058536842591639,
    0.9169381464096418,
    0.919569110946451,
    0.9208401984317565,
    0.929241632851,
    0.9370859005509186,
    0.9350021017994778,
    0.9358647935126756,
    0.9475529440014693,
    0.9484336611488173,
    0.9462261239968155,
    0.9520662915834933,
    0.9545744539594125,
    0.9558552933750588,
    0.9558542582474638,
    0.9538330551216212,
    0.9565971214751736
  ],
  "val_macro_f1": [
    0.8608043682131651,
    0.9325845963913828,
    0.925774626129314,
    0.9096714486450213,
    0.9403179875031131,
    0.9432619484034864,
    0.9565797180840896,
    0.9599232014828004,
    0.9632704438402202,
    0.966757126648937,
    0.9531693703576339,
    0.9501310752174437,
    0.9565660036379761,
    0.9600733697820962,
    0.9568290583863505,
    0.9601547531980316,
    0.9667485954627804,
    0.9665586043559811,
    0.9632261972058467,
    0.9634343679058208
  ],
  "train_det_acc_iou50": [
    0.9970833333333333,
    0.99625,
    0.9958333333333333,
    0.9958333333333333,
    0.995,
    0.9966666666666667,
    0.99625,
    0.9954166666666666,
    0.995,
    0.99625,
    0.9958333333333333,
    0.9958333333333333,
    0.9966666666666667,
    0.995,
    0.9966666666666667,
    0.99625,
    0.9958333333333333,
    0.9966666666666667,
    0.9970833333333333,
    0.9970833333333333
  ],
  "val_det_acc_iou50": [
    0.9966666666666667,
    0.9966666666666667,
    0.9966666666666667,
    0.9966666666666667,
    0.9966666666666667,
    0.9966666666666667,
    0.9966666666666667,
    0.9966666666666667,
    0.9966666666666667,
    0.9966666666666667,
    0.9966666666666667,
    0.9966666666666667,
    0.9966666666666667,
    0.9966666666666667,
    0.9966666666666667,
    0.9966666666666667,
    0.9966666666666667,
    0.9966666666666667,
    0.9966666666666667,
    0.9966666666666667
  ],