{
  "train_loss": [
    3.4288054529825844,
    2.965406904220581,
    2.655759522120158,
    2.392281877199809,
    2.2289940166473388,
    2.0544228537877403,
    2.0092131519317626,
    1.7935570494333903,
    1.7045533068974812,
    1.6320995378494263,
    1.539185004234314,
    1.4598233397801716,
    1.3948123947779338,
    1.3918775995572408,
    1.337438974380493,
    1.2971845777829487,
    1.2186181505521139,
    1.17270090897878,
    1.1551406327883402,
    1.1104018505414326
  ],
  "val_loss": [
    3.1430786848068237,
    3.1859700322151183,
    2.3050089955329893,
    2.455897295475006,
    2.6186010122299193,
    1.781778371334076,
    1.807485044002533,
    1.3208359241485597,
    1.205537497997284,
    1.2046435832977296,
    1.80866596698761,
    1.4166689395904541,
    1.277348530292511,
    1.4209664523601533,
    1.0214714288711548,
    1.0228159159421921,
    0.8288667321205139,
    1.1089049339294434,
    0.8652910888195038,
    0.7901858866214753
  ],
  "train_miou": [
    0.697311408143524,
    0.7904996325897008,
    0.8165384392888311,
    0.8341433930092641,
    0.8424675614062265,
    0.8571524406361801,
    0.8626740904937931,
    0.875147317329035,
    0.8778441496132571,
    0.8886675369303577,
    0.8870184581378545,
    0.8861118134000572,
    0.8949178012486141,
    0.9006387965059208,
    0.9006204134393656,
    0.9039508212924833,
    0.9090014715884304,
    0.9140954999594058,
    0.9122720894679889,
    0.9155060599905835
  ],
  "val_miou": [
    0.7370736306719812,
    0.7567507699001155,
    0.8357588470917146,
    0.579329761601412,
    0.7598484426931194,
    0.7845764790692118,
    0.8110513628491753,
    0.8593955354527261,
    0.8524546034105734,
    0.9025107895520659,
    0.8426955239574335,
    0.8833727881558725,
    0.8618865795170917,
    0.8671581086938367,
    0.9030185083788826,
    0.8943357732277855,
    0.9192932434807419,
    0.9051588396621846,
    0.9193622211700037,
    0.9092702219107247
  ],
  "train_hand_iou": [
    0.419837975231551,
    0.5939113539130664,
    0.6441022657091835,
    0.678101736279828,
    0.6941944656625498,
    0.7226127398822044,
    0.7332864762793848,
    0.7574762286301896,
    0.7627355717037824,
    0.7836669922291626,
    0.7804565709008379,
    0.7787352283383575,
    0.7958214653206894,
    0.8069086778312593,
    0.8068460733652453,
    0.8133463359630861,
    0.8231126571242486,
    0.8329972363752606,
    0.8294720448803713,
    0.8357358038773376
  ],
  "train_background_iou": [
    0.974784841055497,
    0.9870879112663352,
    0.9889746128684787,
    0.9901850497387001,
    0.9907406571499031,
    0.9916921413901559,
    0.9920617047082012,
    0.9928184060278802,
    0.9929527275227318,
    0.9936680816315528,
    0.9935803453748712,
    0.9934883984617568,
    0.9940141371765387,
    0.9943689151805823,
    0.9943947535134859,
    0.9945553066218804,
    0.9948902860526121,
    0.995193763543551,
    0.9950721340556065,
    0.9952763161038296
  ],
  "val_hand_iou": [
    0.48907314632655935,
    0.5270297642014757,
    0.6808282135859349,
    0.18027488627028126,
    0.5326450128826595,
    0.5805200747554079,
    0.6323124528806054,
    0.72690253748795,
    0.7127962276236728,
    0.8104337533421576,
    0.6952997311928854,
    0.7738709988066484,
    0.7323384313845248,
    0.7413566563414613,
    0.8114558804496275,
    0.7943814045769699,
    0.8429372343811506,
    0.8155107764221182,
    0.843280865606606,
    0.8234090391323283
  ],
  "val_background_iou": [
    0.985074115017403,
    0.9864717755987552,
    0.9906894805974943,
    0.9783846369325429,
    0.9870518725035792,
    0.9886328833830156,
    0.9897902728177453,
    0.9918885334175022,
    0.9921129791974741,
    0.9945878257619742,
    0.9900913167219817,
    0.9928745775050966,
    0.9914347276496586,
    0.9929595610462121,
    0.9945811363081378,
    0.9942901418786009,
    0.9956492525803331,
    0.9948069029022508,
    0.9954435767334012,
    0.995131404689121
  ],
  "train_dice": [
    0.5913885704642922,
    0.7452250747257791,
    0.7835306588198757,
    0.8081771463786301,
    0.8194979734998376,
    0.838972942846827,
    0.846122653484764,
    0.8620045224971048,
    0.8653998749983309,
    0.8787144636788551,
    0.8766926232926411,
    0.8756055605485805,
    0.8863035448555298,
    0.893137199163547,
    0.8930988480523933,
    0.897066732187274,
    0.9029750892329546,
    0.9088908808422503,
    0.9067884335282207,
    0.9105186074293954
  ],
  "val_dice": [
    0.6568826353937939,
    0.6902678344021324,
    0.8101104063852347,
    0.30547949188338247,
    0.6950663831552744,
    0.7345937378811791,
    0.7747443839746967,
    0.8418570494955013,
    0.8323187733926805,
    0.8952923594647454,
    0.8202676121509708,
    0.8725222965224206,
    0.845491178994653,
    0.851470207027008,
    0.89591569875631,
    0.8854097602112049,
    0.9147758465732067,
    0.8983816422497584,
    0.9149781580671813,
    0.9031534027320043
  ],
  "train_acc": [
    0.14541666666666667,
    0.21125,
    0.3104166666666667,
    0.40375,
    0.46291666666666664,
    0.5183333333333333,
    0.5033333333333333,
    0.5816666666666667,
    0.6158333333333333,
    0.64,
    0.6616666666666666,
    0.6795833333333333,
    0.7095833333333333,
    0.72,
    0.7304166666666667,
    0.7241666666666666,
    0.7545833333333334,
    0.7670833333333333,
    0.7808333333333334,
    0.7891666666666667
  ],
  "val_acc": [
    0.2,
    0.19333333333333333,
    0.38333333333333336,
    0.33666666666666667,
    0.33666666666666667,
    0.6033333333333334,
    0.6166666666666667,
    0.7666666666666667,
    0.7733333333333333,
    0.77,
    0.56,
    0.69,
    0.7466666666666667,
    0.7033333333333334,
    0.8033333333333333,
    0.8133333333333334,
    0.8733333333333333,
    0.79,
    0.8533333333333334,
    0.8733333333333333
  ],
  "train_macro_f1": [
    0.1395575954643928,
    0.20600280120882064,
    0.29434876709794455,
    0.3944053856104452,
    0.45449194617918626,
    0.5114519779720675,
    0.49692491514633047,
    0.5758398500083082,
    0.6144695733705025,
    0.6379491777161659,
    0.6601815609449889,
    0.6781838821144266,
    0.7083435963937867,
    0.7196005239055052,
    0.7302123585109489,
    0.7228289307190556,
    0.7549302132094378,
    0.7668802316048752,
    0.7810333632516168,
    0.7891909872458942
  ],
  "val_macro_f1": [
    0.09289143185153295,
    0.15281270907410724,
    0.34769359506734737,
    0.3144104243474685,
    0.312211750283241,
    0.5963140490891445,
    0.6166348030659845,
    0.7641495165158082,
    0.7749051169481237,
    0.7681096623116217,
    0.5395197341494709,
    0.6764675011795102,
    0.7476172988059383,
    0.6759689414628965,
    0.796958799394489,
    0.8117349921985694,
    0.8738138897293066,
    0.7949943560310792,
    0.8543528135490778,
    0.8721354477039472
  ],
  "train_det_acc_iou50": [
    0.72,
    0.855,
    0.8845833333333334,
    0.9054166666666666,
    0.9045833333333333,
    0.925,
    0.93125,
    0.94125,
    0.9466666666666667,
    0.9575,
    0.9629166666666666,
    0.9620833333333333,
    0.9720833333333333,
    0.97,
    0.97375,
    0.9645833333333333,
    0.9733333333333334,
    0.9795833333333334,
    0.97875,
    0.9808333333333333
  ],
  "val_det_acc_iou50": [
    0.9133333333333333,
    0.9066666666666666,
    0.9266666666666666,
    0.9266666666666666,
    0.85,
    0.9466666666666667,
    0.9633333333333334,
    0.9566666666666667,
    0.99,
    0.9833333333333333,
    0.94,
    0.99,
    0.96,
    0.9833333333333333,
    0.9833333333333333,
    0.9766666666666667,
    0.9966666666666667,
    0.98,
    0.9966666666666667,
    1.0
  ],