{
  "train_loss": [
    1.5630084300041198,
    0.5945384132862092,
    0.4269542797406514,
    0.36420437703529995,
    0.32135367080569266,
    0.31957774981856346,
    0.27960330605506895,
    0.27955198734998704,
    0.29414089635014534,
    0.2787998490532239,
    0.24982013498743375,
    0.2181293251613776,
    0.22289554700255393,
    0.22951053927342097,
    0.2111687744160493,
    0.2241490764170885,
    0.2105259263018767,
    0.208733293240269,
    0.2295729743440946,
    0.21998062993089357
  ],
  "val_loss": [
    0.8158688724040986,
    0.22712979838252068,
    0.31989857479929923,
    0.3064047873020172,
    0.20614684596657754,
    0.24825003519654273,
    0.2374465439468622,
    0.20265959054231644,
    0.21141071040183307,
    0.18692904859781265,
    0.2581431174185127,
    0.34600829854607584,
    0.1672729231417179,
    0.15102181509137153,
    0.17033083853311837,
    0.21123066004365681,
    0.22976012323051692,
    0.140500467736274,
    0.14045612141489983,
    0.19545002644881607
  ],
  "train_miou": [
    0.7988269247574431,
    0.9104776309199993,
    0.9220823270132996,
    0.9293114911999486,
    0.9308267347916919,
    0.9356113808856455,
    0.9410930532361874,
    0.9438081590239411,
    0.9424266616827558,
    0.9431215039546159,
    0.9447378391606345,
    0.9475424117325562,
    0.9466552787986245,
    0.9482420062128714,
    0.9500217388359371,
    0.9498466768866016,
    0.9508044517479441,
    0.9518407108443908,
    0.9500620971301068,
    0.9490239163041794
  ],
  "val_miou": [
    0.9058348764680906,
    0.9224539291716076,
    0.9359073107593268,
    0.9191554229237353,
    0.9420598165755405,
    0.9428587526693795,
    0.9407090337902431,
    0.9352946468740044,
    0.9450094511384515,
    0.9516854116895312,
    0.9494266763848992,
    0.9509315355722909,
    0.9503351269993743,
    0.9526078303988013,
    0.9534735952702301,
    0.9540934172304589,
    0.9508800929195851,
    0.9528015141042068,
    0.9532593003843265,
    0.9524785583148617
  ],
  "train_hand_iou": [
    0.6124338114490593,
    0.8259700546437239,
    0.8484907870108549,
    0.8625303052599518,
    0.8654821836837769,
    0.8747671929295305,
    0.8854167878782022,
    0.8907007644941864,
    0.8880279397166214,
    0.8893618889159329,
    0.8925027743317224,
    0.8979506872800166,
    0.896239493147727,
    0.8993171163625296,
    0.9027713635825376,
    0.9024486224904164,
    0.9042921328227134,
    0.9063060598575859,
    0.9028557288284749,
    0.9008318084502466
  ],
  "train_background_iou": [
    0.9852200380658269,
    0.9949852071962749,
    0.9956738670157442,
    0.9960926771399454,
    0.9961712858996069,
    0.9964555688417606,
    0.9967693185941727,
    0.9969155535536957,
    0.9968253836488902,
    0.996881118993299,
    0.9969729039895464,
    0.9971341361850956,
    0.9970710644495221,
    0.9971668960632131,
    0.9972721140893367,
    0.9972447312827868,
    0.9973167706731749,
    0.9973753618311957,
    0.9972684654317387,
    0.9972160241581121
  ],
  "val_hand_iou": [
    0.8170894906608657,
    0.8491856544811921,
    0.8754192622829478,
    0.8426375175849042,
    0.8873073396154892,
    0.8887920218755027,
    0.8846108881651235,
    0.874069853794104,
    0.8929893644721293,
    0.9059995607865104,
    0.9015968503459497,
    0.9045575196472676,
    0.9034203792204605,
    0.9077655762544247,
    0.9094623838486096,
    0.910693849333059,
    0.9044177921480943,
    0.9081485162384696,
    0.909074027293511,
    0.907515403845543
  ],
  "val_background_iou": [
    0.9945802622753154,
    0.9957222038620231,
    0.9963953592357059,
    0.9956733282625665,
    0.9968122935355916,
    0.9969254834632563,
    0.9968071794153626,
    0.9965194399539049,
    0.9970295378047735,
    0.997371262592552,
    0.9972565024238487,
    0.9973055514973141,
    0.9972498747782882,
    0.997450084543178,
    0.9974848066918507,
    0.997492985127859,
    0.9973423936910758,
    0.9974545119699441,
    0.997444573475142,
    0.9974417127841805
  ],
  "train_dice": [
    0.7596390091803871,
    0.9046917856545943,
    0.9180362628508706,
    0.9261919688759848,
    0.9278911278313096,
    0.9332008755312282,
    0.9392265875330692,
    0.9421911507318536,
    0.9406936423302165,
    0.9414415460938781,
    0.9431983788207461,
    0.9462318418471495,
    0.9452809061159083,
    0.9469899561426094,
    0.9489015662741527,
    0.9487232525723174,
    0.9497409743349515,
    0.9508505259908718,
    0.9489481679037571,
    0.9478290550963552
  ],
  "val_dice": [
    0.8993387445807026,
    0.9184428317657913,
    0.9335717936663399,
    0.9145993279126615,
    0.9402891844804301,
    0.9411221686472014,
    0.9387729782527042,
    0.9328039208618893,
    0.9434700281278594,
    0.9506818148611218,
    0.948252359780598,
    0.949887320614812,
    0.9492599628364317,
    0.9516531669857142,
    0.9525847605497691,
    0.9532598324435315,
    0.9498102736458404,
    0.9518635562274801,
    0.952371688364859,
    0.9515156753292746
  ],
  "train_acc": [
    0.49833333333333335,
    0.8191666666666667,
    0.8791666666666667,
    0.9004166666666666,
    0.9183333333333333,
    0.9045833333333333,
    0.9141666666666667,
    0.9125,
    0.9120833333333334,
    0.9179166666666667,
    0.92875,
    0.9375,
    0.93,
    0.9308333333333333,
    0.9345833333333333,
    0.9325,
    0.9354166666666667,
    0.93875,
    0.93125,
    0.9358333333333333
  ],
  "val_acc": [
    0.7966666666666666,
    0.94,
    0.9,
    0.88,
    0.92,
    0.9133333333333333,
    0.9166666666666666,
    0.9366666666666666,
    0.9333333333333333,
    0.9333333333333333,
    0.9133333333333333,
    0.8866666666666667,
    0.9366666666666666,
    0.9366666666666666,
    0.94,
    0.9166666666666666,
    0.9266666666666666,
    0.9366666666666666,
    0.95,
    0.93
  ],
  "train_macro_f1": [
    0.4923960059976877,
    0.8184996510388757,
    0.8789461034846283,
    0.9003113528406785,
    0.9183190098330603,
    0.9044969391160673,
    0.9142166790860514,
    0.9124429753779701,
    0.9121408711806381,
    0.9178912144287867,
    0.9287913394029745,
    0.9374704152067924,
    0.9300446012622681,
    0.9307699538612109,
    0.9346597120597604,
    0.9325641089181959,
    0.9354387576110683,
    0.9387722045451522,
    0.9312993223625661,
    0.9357995477773298
  ],
  "val_macro_f1": [
    0.7913352379042091,
    0.9402381119522742,
    0.9003936750558654,
    0.8799132875023996,
    0.9201121709770662,
    0.9124063843379334,
    0.9170158645512624,
    0.9366249131820661,
    0.9327630102964057,
    0.9340278738544399,
    0.9132615629520006,
    0.8847369235877631,
    0.9367905548694939,
    0.9373935431121391,
    0.939777759911555,
    0.9166358401721453,
    0.9267741281292843,
    0.936831955797329,
    0.9497175521494107,
    0.9296492204909053
  ]
}