{
  "model": "rgb_v1",
  "dataset": "dataset/dataset_v1/test",
  "weights": "weights/rgb_v1/s2/default/best_model.pth",
  "total_samples": 3450,
  "image_classifier_top1_percent": 81.53623188405797,
  "classification_macro_f1": 0.8166417049575472,
  "detector_class_top1_percent": 82.92753623188406,
  "detection_acc_iou50_percent": 89.15942028985508,
  "mean_bbox_iou": 0.7493241181004408,
  "segmentation_miou": 0.7877937867359104,
  "segmentation_hand_iou": 0.5920255384248215,
  "segmentation_background_iou": 0.9835620350469994,
  "segmentation_dice": 0.7437387455613081,
  "speed_throughput_fps": 758.921673922207,
  "speed_avg_image_latency_ms": 1.3176590343399583,
  "speed_avg_batch_latency_ms": 10.522757159483039,
  "speed_warmup_batches": 5,
  "speed_measured_batches": 427,
  "speed_measured_images": 3410
}