{
  "model": "rgb_v1",
  "dataset": "dataset/dataset_v1/val",
  "weights": "weights/rgb_v1/s2/default/best_model.pth",
  "total_samples": 320,
  "image_classifier_top1_percent": 91.875,
  "classification_macro_f1": 0.9189542123392265,
  "detector_class_top1_percent": 92.1875,
  "detection_acc_iou50_percent": 98.125,
  "mean_bbox_iou": 0.82556875301525,
  "segmentation_miou": 0.9120767758507903,
  "segmentation_hand_iou": 0.8290882854282596,
  "segmentation_background_iou": 0.9950652662733209,
  "segmentation_dice": 0.9065590677424719,
  "speed_throughput_fps": 772.065379786575,
  "speed_avg_image_latency_ms": 1.2952270962809314,
  "speed_avg_batch_latency_ms": 10.36181677024745,
  "speed_warmup_batches": 5,
  "speed_measured_batches": 35,
  "speed_measured_images": 280
}