{
  "model": "rgb_v1",
  "dataset": "dataset/dataset_v1/test",
  "weights": "weights/rgb_v1/s2/default/best_model.pth",
  "total_samples": 3450,
  "image_classifier_top1_percent": 88.05797101449275,
  "classification_macro_f1": 0.8842147501039926,
  "detector_class_top1_percent": 88.23188405797102,
  "detection_acc_iou50_percent": 91.47826086956522,
  "mean_bbox_iou": 0.80156909790133,
  "segmentation_miou": 0.8622946889189883,
  "segmentation_hand_iou": 0.7336709849933793,
  "segmentation_background_iou": 0.9909183928445973,
  "segmentation_dice": 0.846378570494656,
  "speed_throughput_fps": 645.970251749668,
  "speed_avg_image_latency_ms": 1.5480589040925814,
  "speed_avg_batch_latency_ms": 12.362718648608201,
  "speed_warmup_batches": 5,
  "speed_measured_batches": 427,
  "speed_measured_images": 3410
}