{
  "model": "rgb_v1",
  "dataset": "dataset/dataset_v1/test",
  "weights": "weights/rgb_v1/s2/default/best_model.pth",
  "total_samples": 3450,
  "image_classifier_top1_percent": 87.82608695652175,
  "classification_macro_f1": 0.8803544636670552,
  "detector_class_top1_percent": 88.7536231884058,
  "detection_acc_iou50_percent": 92.55072463768116,
  "mean_bbox_iou": 0.847769718322282,
  "segmentation_miou": 0.8554298918429349,
  "segmentation_hand_iou": 0.7208463380292321,
  "segmentation_background_iou": 0.9900134456566377,
  "segmentation_dice": 0.837781180224108,
  "speed_throughput_fps": 704.0032113006394,
  "speed_avg_image_latency_ms": 1.4204480660713312,
  "speed_avg_batch_latency_ms": 11.343625070967775,
  "speed_warmup_batches": 5,
  "speed_measured_batches": 427,
  "speed_measured_images": 3410
}