{
  "model": "rgb_v4",
  "dataset": "dataset/dataset_v1/test",
  "weights": "weights/rgb_v4/s2/default/best_model.pth",
  "total_samples": 3450,
  "image_classifier_top1_percent": 85.73913043478261,
  "classification_macro_f1": 0.8598260269195255,
  "detector_class_top1_percent": 84.57971014492753,
  "detection_acc_iou50_percent": 92.20289855072463,
  "mean_bbox_iou": 0.7970570876785432,
  "segmentation_miou": 0.8499954811613821,
  "segmentation_hand_iou": 0.7103833749167864,
  "segmentation_background_iou": 0.9896075874059779,
  "segmentation_dice": 0.8306715153277819,
  "speed_throughput_fps": 350.48713136533695,
  "speed_avg_image_latency_ms": 2.8531718014994136,
  "speed_avg_batch_latency_ms": 22.785283004948475,
  "speed_warmup_batches": 5,
  "speed_measured_batches": 427,
  "speed_measured_images": 3410
}