{
  "model": "rgb_v2",
  "dataset": "dataset/dataset_v1/val",
  "weights": "weights/rgb_v2/s2/default/best_model.pth",
  "total_samples": 320,
  "image_classifier_top1_percent": 91.25,
  "classification_macro_f1": 0.9123294362705231,
  "detector_class_top1_percent": 91.25,
  "detection_acc_iou50_percent": 99.0625,
  "mean_bbox_iou": 0.8361997190862894,
  "segmentation_miou": 0.912807595337306,
  "segmentation_hand_iou": 0.8303707482690097,
  "segmentation_background_iou": 0.9952444424056023,
  "segmentation_dice": 0.9073251952417785,
  "speed_throughput_fps": 602.1779386699568,
  "speed_avg_image_latency_ms": 1.6606387178658872,
  "speed_avg_batch_latency_ms": 13.285109742927098,
  "speed_warmup_batches": 5,
  "speed_measured_batches": 35,
  "speed_measured_images": 280
}