{
  "model": "rgb_v2",
  "dataset": "dataset/dataset_v1/test",
  "weights": "weights/rgb_v2/s2/default/best_model.pth",
  "total_samples": 3450,
  "image_classifier_top1_percent": 81.1304347826087,
  "classification_macro_f1": 0.8152339789762522,
  "detector_class_top1_percent": 81.71014492753623,
  "detection_acc_iou50_percent": 89.18840579710144,
  "mean_bbox_iou": 0.7525204452967096,
  "segmentation_miou": 0.8547243237253368,
  "segmentation_hand_iou": 0.7187744583545493,
  "segmentation_background_iou": 0.9906741890961244,
  "segmentation_dice": 0.8363801950404366,
  "speed_throughput_fps": 647.7243673264238,
  "speed_avg_image_latency_ms": 1.5438665741843942,
  "speed_avg_batch_latency_ms": 12.329238917959682,
  "speed_warmup_batches": 5,
  "speed_measured_batches": 427,
  "speed_measured_images": 3410
}