{
  "model": "rgb_v2",
  "dataset": "dataset/dataset_v1/test",
  "weights": "weights/rgb_v2/s2/default/best_model.pth",
  "total_samples": 3450,
  "image_classifier_top1_percent": 88.02898550724638,
  "classification_macro_f1": 0.8832224844029076,
  "detector_class_top1_percent": 88.69565217391305,
  "detection_acc_iou50_percent": 91.97101449275362,
  "mean_bbox_iou": 0.8348051076945275,
  "segmentation_miou": 0.8680575743245729,
  "segmentation_hand_iou": 0.7448569697052196,
  "segmentation_background_iou": 0.9912581789439261,
  "segmentation_dice": 0.8537742435485214,
  "speed_throughput_fps": 365.4192752379729,
  "speed_avg_image_latency_ms": 2.736582517024499,
  "speed_avg_batch_latency_ms": 21.85420698607387,
  "speed_warmup_batches": 5,
  "speed_measured_batches": 427,
  "speed_measured_images": 3410
}