{
  "train": {
    "loss": [
      2.2820664755503337,
      1.4282842445373536,
      1.1839562114079794,
      1.0576086390018462,
      0.9639993433157603,
      0.9174932750066122,
      0.8886168277263642,
      0.8559532113869985,
      0.8208346923192342,
      0.7998502604166666,
      0.7914273623625437,
      0.7611528603235881,
      0.7433930575847626,
      0.726478990316391,
      0.6938369031747182,
      0.691712665160497,
      0.6580875901381175,
      0.6445672154426575,
      0.618035276333491,
      0.6089222751061122,
      0.6032953608036041,
      0.5695663640896479,
      0.5599541006485621,
      0.5572139424085617,
      0.5305134719610214,
      0.5191760510206223,
      0.4966288717587789,
      0.49388589898745217,
      0.472824121316274,
      0.467103200952212,
      0.45005409777164457,
      0.4295482055346171,
      0.40819778978824617,
      0.4077229881286621,
      0.3869242809216181,
      0.3819768577814102,
      0.3543483637770017,
      0.3406462502479553,
      0.3302792915701866,
      0.3212364706397057,
      0.3016596531867981,
      0.29193663875261944,
      0.28374350051085157,
      0.2748409428199132,
      0.2689709426959356,
      0.26044327100118003,
      0.25776801188786824,
      0.25245330661535265,
      0.2517926653226217,
      0.2554532420635223
    ],
    "det_acc_iou50": [
      0.04,
      0.48791666666666667,
      0.6820833333333334,
      0.7741666666666667,
      0.83875,
      0.8558333333333333,
      0.8570833333333333,
      0.87,
      0.9029166666666667,
      0.9141666666666667,
      0.9058333333333334,
      0.9233333333333333,
      0.9283333333333333,
      0.9316666666666666,
      0.9445833333333333,
      0.9425,
      0.9516666666666667,
      0.9508333333333333,
      0.96,
      0.96125,
      0.965,
      0.9645833333333333,
      0.97375,
      0.97375,
      0.9808333333333333,
      0.97875,
      0.9791666666666666,
      0.9829166666666667,
      0.97875,
      0.98625,
      0.9833333333333333,
      0.9891666666666666,
      0.9866666666666667,
      0.98875,
      0.9883333333333333,
      0.9904166666666666,
      0.9929166666666667,
      0.99125,
      0.9925,
      0.9916666666666667,
      0.9920833333333333,
      0.9941666666666666,
      0.9933333333333333,
      0.9933333333333333,
      0.9945833333333334,
      0.995,
      0.99375,
      0.9954166666666666,
      0.99375,
      0.9954166666666666
    ],
    "mean_bbox_iou": [
      0.09614250036427013,
      0.4458391105135282,
      0.5359115387996037,
      0.5915312623977661,
      0.632689304749171,
      0.6545964133739471,
      0.6550373287995657,
      0.669097763299942,
      0.6976232890288036,
      0.7069355388482411,
      0.703301430940628,
      0.724051548242569,
      0.7305661805470784,
      0.7374960541725158,
      0.7627567903200785,
      0.7576019712289175,
      0.7775989826520284,
      0.7808965118726094,
      0.7992453769842783,
      0.7997560675938924,
      0.8039301307996114,
      0.8196519871552785,
      0.829005575577418,
      0.8260781073570251,
      0.8414455691973368,
      0.8453945342699687,
      0.8539193884531657,
      0.8547286144892374,
      0.8615099966526032,
      0.8662244852383931,
      0.8711813275019328,
      0.8794460260868072,
      0.8842345627148946,
      0.8835180266698202,
      0.8906801311175029,
      0.8926196726163228,
      0.9002891381581625,
      0.9038873358567556,
      0.9058849859237671,
      0.9092491781711578,
      0.9138650703430176,
      0.9177983303864797,
      0.9193381500244141,
      0.9217301825682322,
      0.9227617804209391,
      0.9254812300205231,
      0.9259141274293263,
      0.9278060499827067,
      0.9269961710770925,
      0.9266703494389852
    ],
    "top1_acc": [
      0.08916666666666667,
      0.09666666666666666,
      0.10291666666666667,
      0.1025,
      0.09333333333333334,
      0.10083333333333333,
      0.10125,
      0.10625,
      0.09416666666666666,
      0.09083333333333334,
      0.08458333333333333,
      0.08416666666666667,
      0.08333333333333333,
      0.08916666666666667,
      0.08958333333333333,
      0.07541666666666667,
      0.09916666666666667,
      0.09041666666666667,
      0.0925,
      0.09083333333333334,
      0.08875,
      0.09125,
      0.10916666666666666,
      0.09291666666666666,
      0.09291666666666666,
      0.10083333333333333,
      0.09208333333333334,
      0.09125,
      0.09208333333333334,
      0.09416666666666666,
      0.10458333333333333,
      0.1025,
      0.0975,
      0.10208333333333333,
      0.09916666666666667,
      0.09708333333333333,
      0.10208333333333333,
      0.10166666666666667,
      0.1,
      0.10291666666666667,
      0.09916666666666667,
      0.11041666666666666,
      0.1025,
      0.095,
      0.10958333333333334,
      0.09916666666666667,
      0.09208333333333334,
      0.11083333333333334,
      0.10333333333333333,
      0.09791666666666667
    ],
    "macro_f1": [
      0.07367542044190672,
      0.07250761881202684,
      0.07849419808385008,
      0.08124982818538529,
      0.07252129494204321,
      0.07733582451657482,
      0.07843785677671214,
      0.07884745532184048,
      0.07074343769568482,
      0.07241856755299862,
      0.06424085932037729,
      0.0657600309306117,
      0.0615390441437866,
      0.06926923997410579,
      0.06711972297330335,
      0.05596907356812767,
      0.07421447153417048,
      0.06629729733785403,
      0.06874027402567272,
      0.06621676365943421,
      0.06423913382494625,
      0.06910246733964673,
      0.08484660884382612,
      0.07344095726508368,
      0.06876842514996348,
      0.07625671655157822,
      0.07031619445818914,
      0.06631129112182173,
      0.0639283737012018,
      0.070523253373409,
      0.07793810491348009,
      0.07432414263903084,
      0.07052499996544029,
      0.07254370457246179,
      0.07246422594048008,
      0.07405249166222985,
      0.07690022327740273,
      0.07160215515807329,
      0.07938506345091291,
      0.07388067888820228,
      0.0728825468540599,
      0.08260570853475754,
      0.07018470453500852,
      0.06621638071933308,
      0.0759237041936919,
      0.0695812828998597,
      0.06348034712747237,
      0.08012409741642389,
      0.07285056316720898,
      0.0711865750706415
    ]
  },
  "val": {
    "loss": [
      1.6495462844246311,
      1.2166166431025456,
      1.097722025294053,
      0.9473403692245483,
      0.8636597332201505,
      0.8697959435613531,
      0.8726206766931635,
      0.7998023440963343,
      0.7291243421403986,
      0.772420745146902,
      0.8018828473593059,
      0.7921252783976103,
      0.6724227227662739,
      0.6784577557915136,
      0.7351569313752023,
      0.6544729439835799,
      0.5850486504404169,
      0.5871203196676154,
      0.6068248717408431,
      0.5951845771388004,
      0.5720266637049223,
      0.4855331009940097,
      0.528126155075274,
      0.6142116832105737,
      0.5323957471471084,
      0.5063807007513548,
      0.43768129536980077,
      0.44359659991766276,
      0.44966980971788106,
      0.4630174919178611,
      0.38085048292812546,
      0.4011419744868028,
      0.3869352952430123,
      0.36268273466511775,
      0.3390698487821378,
      0.357666425014797,
      0.3133528397271508,
      0.2935686315360822,
      0.315726059832071,
      0.2833478788011952,
      0.27744193767246444,
      0.2678882142430858,
      0.2609694066800569,
      0.2531966974860744,
      0.24255296509516866,
      0.24042273979437978,
      0.23880823505552193,
      0.2375192265761526,
      0.2346425158412833,
      0.2360891464509462
    ],