{
  "train": {
    "loss": [
      2.25740177154541,
      1.4121726528803507,
      1.1857611989974977,
      1.0719654436906179,
      0.9880668890476226,
      0.9317483445008595,
      0.9104797573884328,
      0.881574893395106,
      0.8751056090990702,
      0.8352256838480632,
      0.8022040832042694,
      0.7843120046456655,
      0.7688674437999725,
      0.7355121417840322,
      0.7127885862191519,
      0.7141075603167216,
      0.6914088924725851,
      0.6734096650282542,
      0.6545031921068827,
      0.645644702911377,
      0.617581068277359,
      0.6020070719718933,
      0.5855608683824539,
      0.5876772405703863,
      0.5652705184618632,
      0.5535024863481521,
      0.5438157620032629,
      0.519046778678894,
      0.5068653019269308,
      0.5023073424895604,
      0.48512598474820456,
      0.48034884214401247,
      0.44621539612611133,
      0.4351364463567734,
      0.4220727348327637,
      0.40952008187770844,
      0.3944506953159968,
      0.3884323420127233,
      0.36934960027535757,
      0.35280315577983856,
      0.34657468895117444,
      0.3315214807788531,
      0.31713911960522334,
      0.3093119316299756,
      0.30648750334978103,
      0.3041124020020167,
      0.2964738899469376,
      0.2935600009560585,
      0.2910063750545184,
      0.2873295398553212
    ],
    "det_acc_iou50": [
      0.06666666666666667,
      0.3954166666666667,
      0.595,
      0.73,
      0.7975,
      0.8625,
      0.85125,
      0.8729166666666667,
      0.8591666666666666,
      0.8883333333333333,
      0.9008333333333334,
      0.90125,
      0.9191666666666667,
      0.9241666666666667,
      0.9379166666666666,
      0.92875,
      0.9479166666666666,
      0.95,
      0.9433333333333334,
      0.9554166666666667,
      0.9666666666666667,
      0.9645833333333333,
      0.9741666666666666,
      0.965,
      0.9704166666666667,
      0.97125,
      0.96875,
      0.9795833333333334,
      0.9816666666666667,
      0.97875,
      0.98375,
      0.98,
      0.98625,
      0.9858333333333333,
      0.9891666666666666,
      0.9875,
      0.98875,
      0.9875,
      0.99,
      0.9908333333333333,
      0.9929166666666667,
      0.9891666666666666,
      0.9925,
      0.99375,
      0.9929166666666667,
      0.9925,
      0.99375,
      0.9945833333333334,
      0.9945833333333334,
      0.9945833333333334
    ],
    "mean_bbox_iou": [
      0.09613311832473907,
      0.40154946088790894,
      0.4994765967130661,
      0.5638922103246053,
      0.6093280196189881,
      0.6461426717042923,
      0.6463519110282262,
      0.6607764093081157,
      0.6553131270408631,
      0.6774747403462728,
      0.6981461207071941,
      0.6994770546754201,
      0.7186823280652365,
      0.7331745652357737,
      0.7543979088465372,
      0.7437390919526418,
      0.7644756269454956,
      0.7685120697816213,
      0.7740631794929504,
      0.7882034134864807,
      0.8040449070930481,
      0.8061781660715739,
      0.8200246779123942,
      0.8131924704710642,
      0.8259588686625162,
      0.8280964450041453,
      0.8307294070720672,
      0.8458459409077962,
      0.848140295346578,
      0.8484030803044637,
      0.8578847889105479,
      0.8599661572774251,
      0.8717528196175893,
      0.875647672812144,
      0.8804974083105723,
      0.8821791485945384,
      0.8869598996639252,
      0.8866705624262492,
      0.8938455287615458,
      0.9001256088415782,
      0.9008485658963521,
      0.9032669341564179,
      0.9092671819527944,
      0.9105767424901327,
      0.9098185420036315,
      0.9126377916336059,
      0.9139449874560038,
      0.9153647263844807,
      0.9158818618456522,
      0.9168346842130025
    ],
    "top1_acc": [
      0.10291666666666667,
      0.10375,
      0.10041666666666667,
      0.10791666666666666,
      0.09875,
      0.09541666666666666,
      0.09666666666666666,
      0.09416666666666666,
      0.10583333333333333,
      0.12166666666666667,
      0.09916666666666667,
      0.08916666666666667,
      0.10625,
      0.10041666666666667,
      0.1,
      0.10583333333333333,
      0.10875,
      0.11666666666666667,
      0.10375,
      0.09041666666666667,
      0.10291666666666667,
      0.11666666666666667,
      0.09791666666666667,
      0.10958333333333334,
      0.10583333333333333,
      0.0975,
      0.10541666666666667,
      0.10208333333333333,
      0.10416666666666667,
      0.09458333333333334,
      0.09958333333333333,
      0.105,
      0.10708333333333334,
      0.09958333333333333,
      0.10083333333333333,
      0.10083333333333333,
      0.09625,
      0.10291666666666667,
      0.09125,
      0.10958333333333334,
      0.09333333333333334,
      0.09583333333333334,
      0.10791666666666666,
      0.09291666666666666,
      0.095,
      0.09875,
      0.10625,
      0.10166666666666667,
      0.10208333333333333,
      0.10166666666666667
    ],
    "macro_f1": [
      0.08593591857770884,
      0.0910661170133942,
      0.08740863994986722,
      0.09053802106893544,
      0.07932214304040033,
      0.08363325238150184,
      0.08803179957499416,
      0.08284622805710269,
      0.09289399645435953,
      0.11356196847780291,
      0.09018776045705974,
      0.08215632906355357,
      0.09407098615067268,
      0.09378580377720377,
      0.087152984490415,
      0.09338270058560302,
      0.10203136824440333,
      0.1095439142483077,
      0.09942104475914834,
      0.08267505413829376,
      0.09423976865256697,
      0.10855207143124297,
      0.0910679552423456,
      0.0990209329318942,
      0.1003700028071042,
      0.09092478130978988,
      0.09413567116584072,
      0.09512622292090431,
      0.0925667432569075,
      0.08594891090402293,
      0.0924962117027262,
      0.09361543072258817,
      0.09489652998393708,
      0.08985880136091387,
      0.0927521824742196,
      0.09211470593885182,
      0.08565573162974677,
      0.09716466204447143,
      0.08576218643785528,
      0.09851704565258211,
      0.08656195287854676,
      0.08512202314943852,
      0.0979541936703383,
      0.08107320774645725,
      0.08441742291845697,
      0.08971835761161921,
      0.09800298468449933,
      0.09251682786627893,
      0.09198709689505309,
      0.09389360101463759
    ]
  },
  "val": {
    "loss": [
      1.5856812251241583,
      1.2485570091950267,
      1.060012001740305,
      0.9164723628445676,
      0.9350449223267404,
      0.9453935529056349,
      0.8596362157871849,
      0.8409885450413352,
      0.8585926419810245,
      0.7386601786864432,
      0.8535339863676774,
      0.7813972203355086,
      0.7102477205427069,
      0.6799956591505754,
      0.8245853122911955,
      0.6838257124549464,
      0.6264792806223819,
      0.6423489325924924,
      0.6030753349003038,
      0.5817121408487621,
      0.606801489466115,
      0.5571457398565192,
      0.5343192956949535,
      0.5470801717356631,
      0.5246992017093458,
      0.5691919593434585,
      0.4875112709246184,
      0.45678808657746567,
      0.4857270592137387,
      0.47250748778644364,
      0.42686576592294795,
      0.422427613484232,
      0.3868569966993834,
      0.4067238726113972,
      0.40823926580579656,
      0.39063945098927144,
      0.3288805822008534,
      0.3374843009208378,
      0.3345376919758947,
      0.3245372442822707,
      0.3153077560035806,
      0.30703049584438924,
      0.2973209697949259,
      0.2892490688123201,
      0.28259397807874176,
      0.28165249448073537,
      0.280016543833833,
      0.27820103654735967,
      0.27421733972273377,
      0.2754049991306506
    ],