{
  "train_loss": [
    1.2077749836444855,
    0.556722586552302,
    0.38094201415777207,
    0.33094592005014417,
    0.32676542033751804,
    0.3029949257771174,
    0.24716298128167788,
    0.22851190889875095,
    0.24688225229581198,
    0.23822159598271053,
    0.22738153129816055,
    0.23448108648260435,
    0.23171530639131863,
    0.1899616110076507,
    0.20026773005723952,
    0.2037814592818419,
    0.19372037028272945,
    0.21970479036370913,
    0.17436825868984063,
    0.2009412188331286
  ],
  "val_loss": [
    0.5074123471975327,
    0.4296030469238758,
    0.20170795284211634,
    0.24022035766392946,
    0.21492357924580574,
    0.20469193756580353,
    0.33946491619572045,
    0.2244892400689423,
    0.1976877230219543,
    0.1804273733869195,
    0.17292974661104382,
    0.15719832088798286,
    0.2206313435919583,
    0.17589975669980049,
    0.2199322370812297,
    0.1409961168654263,
    0.17508069686591626,
    0.1517026698216796,
    0.195289716264233,
    0.1151472331956029
  ],
  "train_miou": [
    0.7498346963325565,
    0.9173289770050158,
    0.9300953833807661,
    0.9362382407139915,
    0.9407217888087909,
    0.9437409235254268,
    0.9459719213290698,
    0.9485030163129506,
    0.949810297173012,
    0.9502686357818193,
    0.9521508540017741,
    0.9512642007294918,
    0.9517630922423242,
    0.9541942310712801,
    0.9515420751231085,
    0.9562182007019899,
    0.9547287596109215,
    0.9563484570835632,
    0.9573507015979401,
    0.9577648144551442
  ],
  "val_miou": [
    0.9189750259573297,
    0.9340924713858265,
    0.9448164033917883,
    0.949296999259263,
    0.9476625122738944,
    0.9523582901717593,
    0.9530425169892349,
    0.9558566800423123,
    0.9584046460126192,
    0.9605391613760264,
    0.9596875135798428,
    0.953217131354833,
    0.9619903661330033,
    0.9633674774415422,
    0.9617500001209287,
    0.9613036344738756,
    0.9646192321005778,
    0.9657262883557785,
    0.9631576543861458,
    0.9589414174967132
  ],
  "train_hand_iou": [
    0.52149090742892,
    0.8392960329774558,
    0.8640669429997673,
    0.8759945641517213,
    0.8847057599162792,
    0.8905764090166722,
    0.8949084286948974,
    0.8998137068029393,
    0.9023593392640321,
    0.9032581248395327,
    0.9069025137711665,
    0.9051956361937872,
    0.9061623942592025,
    0.9108746126249129,
    0.9057337594252954,
    0.9148148024521793,
    0.9119260476536085,
    0.9150650425883058,
    0.9170175999834141,
    0.9178237251494573
  ],
  "train_background_iou": [
    0.978178485236193,
    0.9953619210325758,
    0.996123823761765,
    0.9964819172762619,
    0.9967378177013024,
    0.9969054380341813,
    0.9970354139632421,
    0.9971923258229621,
    0.9972612550819919,
    0.9972791467241059,
    0.9973991942323818,
    0.9973327652651965,
    0.997363790225446,
    0.9975138495176472,
    0.9973503908209215,
    0.9976215989518007,
    0.9975314715682344,
    0.9976318715788205,
    0.997683803212466,
    0.997705903760831
  ],
  "val_hand_iou": [
    0.8424595579814512,
    0.8718482507378235,
    0.8926055149941514,
    0.9013121984148004,
    0.8981156689610608,
    0.9072553715959851,
    0.9085788429060768,
    0.914066228953343,
    0.9190583405019471,
    0.9231900790793914,
    0.921512364084927,
    0.908893362680233,
    0.9260161056126969,
    0.9287012223443136,
    0.9255412450106433,
    0.9246669542077294,
    0.9311264482784657,
    0.9332817292221066,
    0.9282685406979571,
    0.9200657093489594
  ],
  "val_background_iou": [
    0.9954904939332081,
    0.9963366920338296,
    0.9970272917894251,
    0.9972818001037257,
    0.9972093555867281,
    0.9974612087475334,
    0.9975061910723929,
    0.9976471311312816,
    0.9977509515232913,
    0.9978882436726612,
    0.9978626630747587,
    0.9975409000294331,
    0.9979646266533096,
    0.9980337325387707,
    0.997958755231214,
    0.9979403147400218,
    0.9981120159226897,
    0.9981708474894504,
    0.9980467680743345,
    0.9978171256444672
  ],
  "train_dice": [
    0.6854998671141026,
    0.9126274595599512,
    0.9270771591595948,
    0.9338988298698238,
    0.9388263979790445,
    0.9421215717801952,
    0.9445400264658258,
    0.9472652014045856,
    0.9486739131137326,
    0.949170386350709,
    0.9511786860856771,
    0.9502390400202608,
    0.9507714526194575,
    0.9533588510798946,
    0.9505354616779564,
    0.9555125657903158,
    0.953934435667907,
    0.955649048192692,
    0.9567127604789315,
    0.9571512888421804
  ],
  "val_dice": [
    0.9144944911620498,
    0.9315373192182309,
    0.9432557476161743,
    0.9480948990557786,
    0.9463234339692765,
    0.9513727265969598,
    0.9520998792197016,
    0.9551040764698892,
    0.957822199674825,
    0.9600611911655781,
    0.9591531975634979,
    0.9522725370096912,
    0.9615870842555765,
    0.9630327513511795,
    0.9613309996956492,
    0.9608591784528868,
    0.964335037830934,
    0.9654896284543387,
    0.9628000676316179,
    0.9583689817167017
  ],
  "train_acc": [
    0.6266666666666667,
    0.8241666666666667,
    0.8875,
    0.8983333333333333,
    0.8995833333333333,
    0.9054166666666666,
    0.9291666666666667,
    0.9341666666666667,
    0.9266666666666666,
    0.93125,
    0.9366666666666666,
    0.9383333333333334,
    0.9341666666666667,
    0.94375,
    0.94375,
    0.9408333333333333,
    0.9429166666666666,
    0.9370833333333334,
    0.9491666666666667,
    0.9391666666666667
  ],
  "val_acc": [
    0.83,
    0.8533333333333334,
    0.9466666666666667,
    0.9266666666666666,
    0.92,
    0.93,
    0.8933333333333333,
    0.9466666666666667,
    0.95,
    0.9333333333333333,
    0.9466666666666667,
    0.9533333333333334,
    0.9266666666666666,
    0.9333333333333333,
    0.9233333333333333,
    0.9566666666666667,
    0.94,
    0.9533333333333334,
    0.93,
    0.96
  ],
  "train_macro_f1": [
    0.6233655590344783,
    0.8226598174194872,
    0.8872816992362761,
    0.8984505334056287,
    0.8994801928346844,
    0.9054534650672054,
    0.9291158022670836,
    0.9342389965553684,
    0.9266304917443401,
    0.9312204967703759,
    0.936664632579291,
    0.9383598231689092,
    0.9342256234776422,
    0.9438281979332259,
    0.9437973176613591,
    0.9408380529219273,
    0.9429182457161767,
    0.9371365669209663,
    0.9491919288954962,
    0.9391571464887875
  ],
  "val_macro_f1": [
    0.8273038031845825,
    0.8534102084877485,
    0.946724771228656,
    0.9262861429008034,
    0.9203170481888,
    0.9307712140509514,
    0.8936617016558737,
    0.9474825852891101,
    0.9505840195842818,
    0.9327135338840697,
    0.9464909386987653,
    0.9533404804656296,
    0.9261485573014572,
    0.9329951186466747,
    0.9228243071072149,
    0.9564479427569627,
    0.940356171809569,
    0.9529006819084472,
    0.9292813741865033,
    0.960104005981866
  ]
}