{
  "train_loss": [
    3.4321007124582925,
    2.987764352162679,
    2.868514677683512,
    2.6965447902679442,
    2.643397652308146,
    2.460402266184489,
    2.326773950258891,
    2.2234509404500327,
    2.1652658081054685,
    2.0620112069447836,
    1.9972471475601197,
    1.8957407410939535,
    1.8335383478800455,
    1.8252691189448038,
    1.7160017538070678,
    1.6701776520411173,
    1.592933848698934,
    1.5381198883056642,
    1.5195586427052816,
    1.430192395846049
  ],
  "val_loss": [
    2.9459182977676392,
    2.6956339120864867,
    2.880014514923096,
    2.4130022883415223,
    2.3881728053092957,
    2.1858023047447204,
    1.998029363155365,
    2.141699469089508,
    1.7722413659095764,
    1.8983278036117555,
    1.5909194648265839,
    1.7184907913208007,
    1.6162577629089356,
    1.5858474612236022,
    1.399636709690094,
    1.4511671245098114,
    1.5127035975456238,
    1.542482727766037,
    1.28585547208786,
    1.0979197859764098
  ],
  "train_miou": [
    0.6669437950577117,
    0.7735621513314852,
    0.7907843701732776,
    0.8032808469546202,
    0.8123477138256416,
    0.8217688486566473,
    0.8321828062149632,
    0.8398954467571575,
    0.8366713945937437,
    0.8469472947655177,
    0.8498407632333229,
    0.8590874804707544,
    0.8669783288500312,
    0.8632089303133363,
    0.8690469214649783,
    0.8775368104325867,
    0.8767479922962269,
    0.8803781321682016,
    0.8810811191847561,
    0.8894262113191498
  ],
  "val_miou": [
    0.772701861311093,
    0.7711730467839275,
    0.7937702810704137,
    0.82188882796648,
    0.8172310263146247,
    0.8064329990897308,
    0.8021316598293745,
    0.8383949237186826,
    0.8277389469370178,
    0.8539215113391037,
    0.8699489637957314,
    0.8492315574576357,
    0.8536154856132644,
    0.8366607831189049,
    0.8714865851839861,
    0.821797301616751,
    0.8098177626868475,
    0.8932620030262204,
    0.8753116439534011,
    0.9040357705328375
  ],
  "train_hand_iou": [
    0.36617485810721434,
    0.5613954252807659,
    0.5945199992955519,
    0.6185825145852191,
    0.6361088819009675,
    0.6543305372838853,
    0.6743859466008443,
    0.6892912975331057,
    0.683041102345001,
    0.7029439772980495,
    0.7084842644711756,
    0.7264285077656316,
    0.7417208731555476,
    0.7343751279724012,
    0.7457242880236535,
    0.7621313693037068,
    0.7606338650041008,
    0.7676151410328355,
    0.769045048967443,
    0.7851721873238608
  ],
  "train_background_iou": [
    0.9677127320082091,
    0.9857288773822044,
    0.9870487410510034,
    0.9879791793240214,
    0.9885865457503159,
    0.9892071600294093,
    0.9899796658290821,
    0.9904995959812094,
    0.9903016868424864,
    0.990950612232986,
    0.9911972619954703,
    0.9917464531758773,
    0.9922357845445148,
    0.9920427326542716,
    0.9923695549063031,
    0.9929422515614665,
    0.9928621195883531,
    0.9931411233035677,
    0.9931171894020693,
    0.9936802353144386
  ],
  "val_hand_iou": [
    0.5578954636201009,
    0.5555525447485319,
    0.601027097222154,
    0.6541597732992747,
    0.6473897526776914,
    0.624787455392625,
    0.6147484932048799,
    0.686293822367002,
    0.665677832329984,
    0.7165711116553105,
    0.7477981767159049,
    0.7081965608248906,
    0.7156105879234201,
    0.6828095439565911,
    0.7507541349360836,
    0.654016697826638,
    0.6302958085644826,
    0.7928643734986305,
    0.757937389823523,
    0.813291101553959
  ],
  "val_background_iou": [
    0.9875082590020849,
    0.9867935488193232,
    0.9865134649186733,
    0.9896178826336852,
    0.9870722999515581,
    0.9880785427868365,
    0.9895148264538691,
    0.9904960250703633,
    0.9898000615440515,
    0.9912719110228968,
    0.9920997508755579,
    0.9902665540903808,
    0.9916203833031086,
    0.9905120222812187,
    0.9922190354318887,
    0.989577905406864,
    0.9893397168092122,
    0.9936596325538102,
    0.9926858980832792,
    0.9947804395117159
  ],
  "train_dice": [
    0.5360585519990264,
    0.7190944922613914,
    0.7457040357702717,
    0.7643509169425794,
    0.7775874685820215,
    0.7910517548182107,
    0.8055322585212914,
    0.8160715662712368,
    0.8116748918292154,
    0.8255632442041517,
    0.82937171761482,
    0.8415390553365987,
    0.8517103797599225,
    0.8468469319332711,
    0.8543437164042589,
    0.865010841507075,
    0.8640454783054274,
    0.8685319821194902,
    0.8694465405686752,
    0.8796598926414005
  ],
  "val_dice": [
    0.7162168151176361,
    0.714283225756725,
    0.7508019049333519,
    0.7909269513845474,
    0.7859582125303556,
    0.769069767641266,
    0.7614170204113396,
    0.8139670717688702,
    0.7992876166201003,
    0.8348866024714959,
    0.8557031202778917,
    0.8291745541074048,
    0.8342342871520713,
    0.811511375614357,
    0.857635141285549,
    0.7908223643521974,
    0.7732287665260874,
    0.8844666503706797,
    0.862303053807407,
    0.8970331358897451
  ],
  "train_acc": [
    0.13,
    0.18958333333333333,
    0.21666666666666667,
    0.2841666666666667,
    0.26958333333333334,
    0.33916666666666667,
    0.36791666666666667,
    0.3958333333333333,
    0.43291666666666667,
    0.4554166666666667,
    0.4816666666666667,
    0.52125,
    0.5395833333333333,
    0.5508333333333333,
    0.6033333333333334,
    0.6033333333333334,
    0.6258333333333334,
    0.6479166666666667,
    0.6595833333333333,
    0.6904166666666667
  ],
  "val_acc": [
    0.15333333333333332,
    0.24,
    0.23666666666666666,
    0.30666666666666664,
    0.35333333333333333,
    0.4266666666666667,
    0.4633333333333333,
    0.37333333333333335,
    0.54,
    0.4533333333333333,
    0.58,
    0.55,
    0.6266666666666667,
    0.6233333333333333,
    0.7133333333333334,
    0.7066666666666667,
    0.6733333333333333,
    0.5666666666666667,
    0.69,
    0.8133333333333334
  ],
  "train_macro_f1": [
    0.12478147802853463,
    0.18178133616119144,
    0.2078395848022853,
    0.27478739945970554,
    0.26271765639341293,
    0.3307493428091818,
    0.3597530464105536,
    0.39164431500753527,
    0.42965075106069445,
    0.4505721469913648,
    0.47451198033080455,
    0.5167560200479546,
    0.5346196707300652,
    0.5480835324459902,
    0.6003545568175812,
    0.6013125007363571,
    0.6232068174929343,
    0.6442321846974257,
    0.658410490471069,
    0.688100532196313
  ],
  "val_macro_f1": [
    0.10436587357226941,
    0.14009644103737282,
    0.15226586000881034,
    0.21438061994179286,
    0.3050170121939028,
    0.414418115018265,
    0.4154610455387345,
    0.3259537555333879,
    0.5146589886299626,
    0.420849763328724,
    0.5487467114296077,
    0.5251237457089417,
    0.5970431076316945,
    0.6062041943623863,
    0.7068049702009385,
    0.6998920725972999,
    0.6787331144093083,
    0.5493594298296253,
    0.6914717522272764,
    0.808728384954339
  ],
  "train_det_acc_iou50": [
    0.76125,
    0.8316666666666667,
    0.855,
    0.8770833333333333,
    0.8829166666666667,
    0.9016666666666666,
    0.92,
    0.9120833333333334,
    0.92375,
    0.9291666666666667,
    0.93625,
    0.94,
    0.9454166666666667,
    0.9441666666666667,
    0.9525,
    0.9608333333333333,
    0.96125,
    0.9604166666666667,
    0.9604166666666667,
    0.965
  ],
  "val_det_acc_iou50": [
    0.93,
    0.9166666666666666,
    0.8966666666666666,
    0.94,
    0.9,
    0.9466666666666667,
    0.9466666666666667,
    0.9566666666666667,
    0.9333333333333333,
    0.9466666666666667,
    0.98,
    0.95,
    0.91,
    0.9433333333333334,
    0.9566666666666667,
    0.96,
    0.94,
    0.9833333333333333,
    0.99,
    0.96
  ],