{
  "train_loss": [
    3.3940178044637044,
    2.8126183541615806,
    2.5443694527943927,
    2.365107984542847,
    2.225224329630534,
    2.1769928773244223,
    1.9910192743937174,
    1.9637537940343222,
    1.8048566341400147,
    1.7970571295420328,
    1.7071398703257243,
    1.6606884241104125,
    1.5739489285151165,
    1.5166426547368368,
    1.4919107087453207,
    1.4127495590845744,
    1.405049680074056,
    1.3320750578244527,
    1.338380142847697,
    1.2867086084683736
  ],
  "val_loss": [
    3.3432397842407227,
    2.8750878810882567,
    2.722481346130371,
    2.5374269247055055,
    2.049361026287079,
    1.793850314617157,
    1.7220081329345702,
    1.580342984199524,
    1.7432531118392944,
    2.371298384666443,
    1.7843220472335815,
    3.252729296684265,
    1.3594843983650207,
    1.2601954817771912,
    1.1024437487125396,
    1.2168321669101716,
    1.0171549379825593,
    1.114670890569687,
    1.0234285116195678,
    1.0675251007080078
  ],
  "train_miou": [
    0.708543475724217,
    0.7708311463650568,
    0.7883850236765481,
    0.8036264683314791,
    0.8133657391717255,
    0.8218878441613209,
    0.8291819550883937,
    0.831113842040031,
    0.8439872601474345,
    0.8470897219807949,
    0.8389448009703993,
    0.8493806860535931,
    0.8471518133849008,
    0.8572394697531746,
    0.8575603354031227,
    0.8559742733913462,
    0.8649928156943557,
    0.8651989541246831,
    0.8701057732954066,
    0.869258884839472
  ],
  "val_miou": [
    0.6812602699075812,
    0.7831737889741293,
    0.7556988154441743,
    0.6678589954591749,
    0.7645406591203546,
    0.8194174648002179,
    0.8239444833880415,
    0.8080703716398109,
    0.8207629291936538,
    0.8112046665809378,
    0.7692053999490022,
    0.586731453748238,
    0.8693849451031006,
    0.8539232836985209,
    0.8440476386509859,
    0.8235054056239329,
    0.8649733900680989,
    0.8568314869732865,
    0.871583718814239,
    0.8748683303079892
  ],
  "train_hand_iou": [
    0.43909428673476847,
    0.5559250177685304,
    0.5897157126860257,
    0.619015031005683,
    0.6378079283317465,
    0.6543195698941703,
    0.6683949447135222,
    0.6723122071963278,
    0.6972158988845278,
    0.7031926986285659,
    0.6874059474249858,
    0.7075867150223327,
    0.7032613448705753,
    0.7228690844972574,
    0.7233637045238913,
    0.7203783271256239,
    0.7378004876056434,
    0.7382186691730855,
    0.7477750746204604,
    0.7461162797474831
  ],
  "train_background_iou": [
    0.9779926647136655,
    0.9857372749615833,
    0.9870543346670704,
    0.9882379056572753,
    0.9889235500117044,
    0.9894561184284715,
    0.9899689654632652,
    0.9899154768837342,
    0.9907586214103411,
    0.9909867453330238,
    0.9904836545158127,
    0.9911746570848535,
    0.991042281899226,
    0.9916098550090917,
    0.9917569662823541,
    0.9915702196570686,
    0.992185143783068,
    0.9921792390762806,
    0.9924364719703528,
    0.9924014899314608
  ],
  "val_hand_iou": [
    0.38013400809575953,
    0.5801482651656924,
    0.5266259422900207,
    0.35421092317644043,
    0.5429464269483175,
    0.6504219390938928,
    0.65962010859468,
    0.6270200980412582,
    0.6513016898439895,
    0.6334938170441818,
    0.5512916701863784,
    0.24103431581193446,
    0.7466636116662058,
    0.7158810336680842,
    0.6967196879814246,
    0.6572733228419543,
    0.7375876968098936,
    0.7223907085887102,
    0.750909562481155,
    0.7570585560123803
  ],
  "val_background_iou": [
    0.9823865317194027,
    0.9861993127825662,
    0.9847716885983279,
    0.9815070677419095,
    0.9861348912923917,
    0.988412990506543,
    0.988268858181403,
    0.9891206452383635,
    0.9902241685433182,
    0.9889155161176937,
    0.987119129711626,
    0.9324285916845415,
    0.9921062785399953,
    0.9919655337289576,
    0.9913755893205473,
    0.9897374884059116,
    0.9923590833263044,
    0.9912722653578627,
    0.992257875147323,
    0.9926781046035982
  ],
  "train_dice": [
    0.6102369952854876,
    0.7145910136027307,
    0.7419134226076516,
    0.7646810179658057,
    0.778855587762859,
    0.7910437400387257,
    0.8012430711701676,
    0.8040510669039194,
    0.8215995376224834,
    0.8257347500312634,
    0.8147487550034781,
    0.8287564066848324,
    0.8257820762368251,
    0.8391456913375337,
    0.8394788663879084,
    0.8374650107679729,
    0.8491198993990287,
    0.8493967787427743,
    0.855687994958784,
    0.8546009087726777
  ],
  "val_dice": [
    0.5508653592563082,
    0.7342959872247922,
    0.6899213850644429,
    0.5231251899011454,
    0.7037787151458941,
    0.7881886730746981,
    0.7949049365920589,
    0.7707588846580532,
    0.7888342800709212,
    0.7756305049142986,
    0.7107517957859517,
    0.38844101688556476,
    0.8549598293330635,
    0.8344180273823837,
    0.8212549107746926,
    0.7931984589178536,
    0.8489789587760781,
    0.8388232762595678,
    0.8577365485594428,
    0.8617340081488395
  ],
  "train_acc": [
    0.16791666666666666,
    0.30291666666666667,
    0.38208333333333333,
    0.4483333333333333,
    0.48625,
    0.49583333333333335,
    0.56,
    0.5804166666666667,
    0.6083333333333333,
    0.6270833333333333,
    0.6579166666666667,
    0.6695833333333333,
    0.6929166666666666,
    0.7108333333333333,
    0.7266666666666667,
    0.74375,
    0.75,
    0.7804166666666666,
    0.7733333333333333,
    0.7916666666666666
  ],
  "val_acc": [
    0.17666666666666667,
    0.27,
    0.34,
    0.42333333333333334,
    0.5466666666666666,
    0.6266666666666667,
    0.6066666666666667,
    0.71,
    0.6166666666666667,
    0.47,
    0.6166666666666667,
    0.41,
    0.7233333333333334,
    0.7766666666666666,
    0.8466666666666667,
    0.83,
    0.8566666666666667,
    0.8066666666666666,
    0.86,
    0.84
  ],
  "train_macro_f1": [
    0.16538823955296397,
    0.2865884077820788,
    0.3729297072542787,
    0.4457617865873825,
    0.48329356704309934,
    0.4946219246397277,
    0.5577039768763306,
    0.5789971973200381,
    0.6073655518121177,
    0.6264747282460918,
    0.6571263833091623,
    0.66902623277165,
    0.690654964950035,
    0.7110145686999895,
    0.7259304955997289,
    0.7444677707631643,
    0.749237396232868,
    0.780611628366286,
    0.7730218188016164,
    0.7919244854840926
  ],
  "val_macro_f1": [
    0.10249362778486648,
    0.21522749953143333,
    0.30193621573915097,
    0.3898948539625194,
    0.5094794001186266,
    0.6177808000208016,
    0.5868197551036534,
    0.696389206631561,
    0.6127578711170948,
    0.4379277556010769,
    0.6147012104749063,
    0.3868296130593969,
    0.7235385115994317,
    0.7746253774997134,
    0.8495381467396307,
    0.8262890324453995,
    0.8569380409101548,
    0.8054149796843768,
    0.8592414006902777,
    0.8348151879276617
  ],
  "train_det_acc_iou50": [
    0.6908333333333333,
    0.8125,
    0.8279166666666666,
    0.84125,
    0.8595833333333334,
    0.8645833333333334,
    0.8875,
    0.8808333333333334,
    0.9016666666666666,
    0.90875,
    0.9004166666666666,
    0.9025,
    0.9095833333333333,
    0.9245833333333333,
    0.92,
    0.9241666666666667,
    0.9333333333333333,
    0.9416666666666667,
    0.94,
    0.9429166666666666
  ],
  "val_det_acc_iou50": [
    0.68,
    0.8,
    0.8333333333333334,
    0.7966666666666666,
    0.8766666666666667,
    0.8133333333333334,
    0.89,
    0.88,
    0.9666666666666667,
    0.92,
    0.88,
    0.6766666666666666,
    0.9566666666666667,
    0.9333333333333333,
    0.9566666666666667,
    0.9566666666666667,
    0.9766666666666667,
    0.9533333333333334,
    0.96,
    0.96
  ],