{
  "train": {
    "loss": [
      1.9984271041552226,
      1.3675263492266336,
      1.161000317732493,
      1.0190448188781738,
      0.9494842171669007,
      0.8873594542344411,
      0.8390541779994964,
      0.8223604492346446,
      0.7742142331600189,
      0.7422758622964223,
      0.7113858552773794,
      0.6943642652034759,
      0.6797611411412557,
      0.6431398324171702,
      0.6245484348138174,
      0.5959129579861959,
      0.5697379577159881,
      0.5503095577160517,
      0.5455435067415237,
      0.5189035020271937,
      0.5031287968158722,
      0.4978715999921163,
      0.4699032014608383,
      0.4673550393184026,
      0.4537338403860728,
      0.4365433539946874,
      0.4313705237706502,
      0.4158487061659495,
      0.4023647783199946,
      0.3929796864589055,
      0.3744867887099584,
      0.3640348203976949,
      0.3492840996384621,
      0.3424868701895078,
      0.3294485848148664,
      0.3146385825673739,
      0.30026784946521123,
      0.29632471948862077,
      0.2885853321353595,
      0.26704828212658566,
      0.2624626766641935,
      0.2518064413468043,
      0.24467507630586624,
      0.24097160140673318,
      0.23121598372856775,
      0.22458998372157415,
      0.22134690910577773,
      0.21598297307888667,
      0.21480119735002517,
      0.2162280175089836
    ],
    "det_acc_iou50": [
      0.22625,
      0.6358333333333334,
      0.75,
      0.8329166666666666,
      0.8575,
      0.88125,
      0.8908333333333334,
      0.90625,
      0.9108333333333334,
      0.93375,
      0.9304166666666667,
      0.9404166666666667,
      0.9470833333333334,
      0.9575,
      0.9604166666666667,
      0.9583333333333334,
      0.9654166666666667,
      0.9675,
      0.97,
      0.9758333333333333,
      0.9758333333333333,
      0.9775,
      0.9783333333333334,
      0.9816666666666667,
      0.9866666666666667,
      0.9833333333333333,
      0.9833333333333333,
      0.985,
      0.99,
      0.9904166666666666,
      0.9879166666666667,
      0.9908333333333333,
      0.9908333333333333,
      0.9929166666666667,
      0.9929166666666667,
      0.9920833333333333,
      0.9958333333333333,
      0.995,
      0.9933333333333333,
      0.9941666666666666,
      0.99625,
      0.9958333333333333,
      0.995,
      0.9954166666666666,
      0.9970833333333333,
      0.9966666666666667,
      0.9958333333333333,
      0.9966666666666667,
      0.9970833333333333,
      0.9958333333333333
    ],
    "mean_bbox_iou": [
      0.217004312664947,
      0.4974817220369975,
      0.5726846327384313,
      0.6356123411655425,
      0.6620597378412882,
      0.6886848711967468,
      0.7083754972616831,
      0.7142976280053457,
      0.7326259291172028,
      0.7507653121153514,
      0.7632299959659576,
      0.7723946861426035,
      0.777196204662323,
      0.7971540637811025,
      0.8054978934923808,
      0.8139682074387868,
      0.8234559361139934,
      0.8297505247592926,
      0.8339302174250285,
      0.8464731434981029,
      0.8507239600022634,
      0.8524580204486847,
      0.8628124058246612,
      0.8634812486171722,
      0.8700786757469178,
      0.8744262758890787,
      0.8752686317761739,
      0.879365698893865,
      0.8863463099797567,
      0.8890784207979838,
      0.8945730638504028,
      0.8968720022837321,
      0.9019895811875661,
      0.9038337477048238,
      0.906156431833903,
      0.9096849644184113,
      0.9147893444697062,
      0.9168661999702453,
      0.9175766718387603,
      0.9234678188959757,
      0.9266692264874776,
      0.9276376056671143,
      0.9296272341410319,
      0.9304440546035767,
      0.9324963708718618,
      0.934105011622111,
      0.9350251011053721,
      0.936776450475057,
      0.9377677925427754,
      0.9368517076969147
    ],
    "top1_acc": [
      0.09875,
      0.10458333333333333,
      0.10833333333333334,
      0.10541666666666667,
      0.0975,
      0.10291666666666667,
      0.08666666666666667,
      0.09208333333333334,
      0.09833333333333333,
      0.10333333333333333,
      0.105,
      0.1125,
      0.0975,
      0.11083333333333334,
      0.115,
      0.11833333333333333,
      0.10208333333333333,
      0.10291666666666667,
      0.10166666666666667,
      0.09708333333333333,
      0.10041666666666667,
      0.10208333333333333,
      0.10375,
      0.10291666666666667,
      0.10958333333333334,
      0.10291666666666667,
      0.09583333333333334,
      0.09833333333333333,
      0.10541666666666667,
      0.10916666666666666,
      0.11541666666666667,
      0.10333333333333333,
      0.11,
      0.10625,
      0.11291666666666667,
      0.10541666666666667,
      0.10625,
      0.09791666666666667,
      0.10291666666666667,
      0.09958333333333333,
      0.09875,
      0.10125,
      0.09791666666666667,
      0.10791666666666666,
      0.09375,
      0.10666666666666667,
      0.09333333333333334,
      0.09208333333333334,
      0.10458333333333333,
      0.09333333333333334
    ],
    "macro_f1": [
      0.08589110485085974,
      0.08830354377750115,
      0.08797248479871514,
      0.08746325746497359,
      0.0808447750308171,
      0.08472599831599115,
      0.07410828900917524,
      0.07825627181681002,
      0.08075640198655132,
      0.08402026527724085,
      0.09021007906804841,
      0.09887408797890991,
      0.08480688723581395,
      0.09196019696076009,
      0.09692769936593339,
      0.09940585452787418,
      0.08443043443210535,
      0.08302096148973644,
      0.08208123191882366,
      0.07983554859924072,
      0.08504073995907101,
      0.08822049148145568,
      0.08799356593663368,
      0.08705056060155295,
      0.09210326727459764,
      0.08700808348216903,
      0.07854178164517443,
      0.08797687159302137,
      0.08598422611726426,
      0.0891740325617891,
      0.09549850760271004,
      0.08568102231884797,
      0.08970997834846853,
      0.0877151773000293,
      0.09420016901742718,
      0.08784896900250273,
      0.08723785545271365,
      0.08005061649980966,
      0.08561273696486611,
      0.08236472690454834,
      0.08276791812373621,
      0.08318439732026492,
      0.07922196560050934,
      0.08933636979841189,
      0.07731690431573787,
      0.0876943884319966,
      0.07597595202205351,
      0.07529842498610004,
      0.08758124457403253,
      0.0776285570647514
    ]
  },
  "val": {
    "loss": [
      1.4959878231349744,
      1.2021876636304354,
      1.0014440605514927,
      0.9264220909068459,
      0.8255645726856432,
      0.8130270650512293,
      0.7964447328918859,
      0.7863996530833998,
      0.7921479281626249,
      0.6834485656336734,
      0.6425127857609799,
      0.6866705135295266,
      0.5640031209117488,
      0.625623128916088,
      0.5636125065778431,
      0.5410491196732772,
      0.46555858379916143,
      0.4528766070541583,
      0.4661112600251248,
      0.5038861726459704,
      0.47342372724884435,
      0.44653190123407466,
      0.4447206697965923,
      0.41103302805047287,
      0.3758997446612308,
      0.39451176712387487,
      0.40178408120807846,
      0.38015092830908925,
      0.36500085498157303,
      0.3323237401874442,
      0.323130873473067,
      0.3006741231993625,
      0.29925360569828435,
      0.32160643448955134,
      0.2676339918061307,
      0.28634502699500636,
      0.26216911093184825,
      0.269840355766447,
      0.24942994117736816,
      0.2258309416080776,
      0.2334615486232858,
      0.22527155593821876,
      0.2157248854637146,
      0.21228091967733284,
      0.20126015104745565,
      0.19733037368247383,
      0.19743143806332036,
      0.1954094081332809,
      0.19795849958532735,
      0.19543154576891347
    ],