{
  "train": {
    "loss": [
      2.6307619110743206,
      1.6544051925341288,
      1.2199964555104574,
      1.0672808436552683,
      0.998535904486974,
      0.9446812963485718,
      0.8979931175708771,
      0.8670928192138672,
      0.8521334497133891,
      0.8426537044843038
    ],
    "det_acc_iou50": [
      0.0020833333333333333,
      0.48,
      0.76375,
      0.8258333333333333,
      0.86,
      0.8758333333333334,
      0.8975,
      0.9075,
      0.91125,
      0.9158333333333334
    ],
    "mean_bbox_iou": [
      0.0025972236099642033,
      0.3867671280105909,
      0.5719155971209208,
      0.629450085957845,
      0.6617265951633453,
      0.6882221496105194,
      0.7101450995604197,
      0.7283810782432556,
      0.7310024297237396,
      0.7353548308213552
    ],
    "top1_acc": [
      0.09416666666666666,
      0.09958333333333333,
      0.09208333333333334,
      0.105,
      0.10375,
      0.09791666666666667,
      0.09833333333333333,
      0.09666666666666666,
      0.09208333333333334,
      0.09583333333333334
    ],
    "macro_f1": [
      0.07665699970785986,
      0.07775989662262636,
      0.07015101593540225,
      0.07688180005754224,
      0.08233039860825034,
      0.07119487874977318,
      0.07165940555552386,
      0.07126164204630527,
      0.06993998405755986,
      0.06457222250987893
    ]
  },
  "val": {
    "loss": [
      2.1555393874645232,
      1.3406592428684234,
      1.0794603109359742,
      1.003881886601448,
      0.9113973498344421,
      0.8584076702594757,
      0.8165081560611724,
      0.7951664984226227,
      0.7803550630807876,
      0.7757250756025315
    ],
    "det_acc_iou50": [
      0.0375,
      0.8375,
      0.834375,
      0.9125,
      0.921875,
      0.915625,
      0.928125,
      0.94375,
      0.946875,
      0.94375
    ],
    "mean_bbox_iou": [
      0.0411177046247758,
      0.5927608698606491,
      0.6173115134239197,
      0.6884603679180146,
      0.7196971446275711,
      0.7293175458908081,
      0.7523097217082977,
      0.7735055655241012,
      0.7665184497833252,
      0.7675471037626267
    ],
    "top1_acc": [
      0.11875,
      0.10625,
      0.1125,
      0.11875,
      0.09375,
      0.109375,
      0.09375,
      0.096875,
      0.109375,
      0.103125
    ],
    "macro_f1": [
      0.07069505282255614,
      0.06064934761212824,
      0.05646279978489453,
      0.06998400896002648,
      0.03192336992763867,
      0.054171386562017865,
      0.04106783069648486,
      0.03971526409606905,
      0.06038329914943976,
      0.055277948651903296
    ]
  }
}