{
  "train": {
    "loss": [
      1.9980336324373882,
      1.365439330736796,
      1.1492371332645417,
      1.0080797783533733,
      0.9387997380892436,
      0.8857378431161245,
      0.8360706535975139,
      0.8184949298699696,
      0.7716019491354624,
      0.7458323101202647,
      0.7120818932851155,
      0.6952364063262939,
      0.6590737005074819,
      0.6471121176083883,
      0.6269099460045496,
      0.5965446819861729,
      0.5730972039699554,
      0.5547272455692291,
      0.5372205754121144,
      0.5307898046573003,
      0.5010475826263427,
      0.49119013448556265,
      0.4676213949918747,
      0.4676084707180659,
      0.44873817801475524,
      0.42536649346351624,
      0.42367890536785124,
      0.416578361193339,
      0.3996651842196782,
      0.3864567156632741,
      0.3723838206132253,
      0.36058704257011415,
      0.34616980532805125,
      0.33833818515141806,
      0.32593248546123504,
      0.3158247717221578,
      0.29501015702883404,
      0.2829107070962588,
      0.2791504177451134,
      0.2652984224756559,
      0.2594542562961578,
      0.24802479177713393,
      0.24275474985440573,
      0.2345058066646258,
      0.22898042301336924,
      0.22023443649212518,
      0.21698285788297653,
      0.21258833954731624,
      0.2119991660118103,
      0.21255502810080845
    ],
    "det_acc_iou50": [
      0.22541666666666665,
      0.6445833333333333,
      0.7720833333333333,
      0.8375,
      0.8558333333333333,
      0.8904166666666666,
      0.8995833333333333,
      0.9025,
      0.9083333333333333,
      0.9291666666666667,
      0.9333333333333333,
      0.9375,
      0.9479166666666666,
      0.9479166666666666,
      0.95375,
      0.9570833333333333,
      0.9670833333333333,
      0.965,
      0.97125,
      0.97,
      0.9733333333333334,
      0.9725,
      0.9816666666666667,
      0.9783333333333334,
      0.9795833333333334,
      0.9845833333333334,
      0.9858333333333333,
      0.9816666666666667,
      0.98875,
      0.9891666666666666,
      0.9883333333333333,
      0.9916666666666667,
      0.9883333333333333,
      0.9925,
      0.9908333333333333,
      0.9929166666666667,
      0.995,
      0.995,
      0.9945833333333334,
      0.9941666666666666,
      0.99625,
      0.9958333333333333,
      0.9958333333333333,
      0.9954166666666666,
      0.9970833333333333,
      0.9958333333333333,
      0.99625,
      0.99625,
      0.9970833333333333,
      0.99625
    ],
    "mean_bbox_iou": [
      0.21551951620740512,
      0.5048407387733459,
      0.5811789770921071,
      0.6416514070828756,
      0.6657547616958618,
      0.6893418510754903,
      0.7087346005439759,
      0.7096292090415954,
      0.7292713602383931,
      0.7449220760663351,
      0.7628500032424926,
      0.768697714805603,
      0.7842342182000478,
      0.7871090559164683,
      0.7997157605489095,
      0.8101706111431122,
      0.8264711860815684,
      0.8268535061677297,
      0.8378893887996673,
      0.8356251533826192,
      0.8490963804721833,
      0.8519801004727682,
      0.8640038565794627,
      0.8618172411123911,
      0.8651847020785014,
      0.8775682417551677,
      0.8773951689402263,
      0.8767745538552603,
      0.8858448898792267,
      0.8887146011988322,
      0.8924647502104441,
      0.8987945350011189,
      0.8990182193120321,
      0.9038944335778555,
      0.906154674688975,
      0.908781864643097,
      0.9156129801273346,
      0.9183281536897023,
      0.9184438411394755,
      0.9221491595109303,
      0.9269021002451578,
      0.927408154408137,
      0.9287973058223724,
      0.9307686825593312,
      0.9326828928788503,
      0.9344272784392039,
      0.9357520993550619,
      0.9374401040871938,
      0.9376933562755585,
      0.9375778289635976
    ],
    "top1_acc": [
      0.10458333333333333,
      0.1,
      0.10666666666666667,
      0.11125,
      0.10166666666666667,
      0.10291666666666667,
      0.10625,
      0.105,
      0.09625,
      0.10125,
      0.11458333333333333,
      0.11458333333333333,
      0.1,
      0.10291666666666667,
      0.10333333333333333,
      0.10666666666666667,
      0.10708333333333334,
      0.10833333333333334,
      0.0925,
      0.0975,
      0.095,
      0.09875,
      0.10166666666666667,
      0.09125,
      0.1,
      0.10833333333333334,
      0.09875,
      0.09708333333333333,
      0.09916666666666667,
      0.09708333333333333,
      0.10041666666666667,
      0.08958333333333333,
      0.11458333333333333,
      0.1175,
      0.10375,
      0.11125,
      0.1025,
      0.10291666666666667,
      0.11291666666666667,
      0.10375,
      0.10208333333333333,
      0.10583333333333333,
      0.10833333333333334,
      0.11208333333333333,
      0.10583333333333333,
      0.11916666666666667,
      0.10875,
      0.11166666666666666,
      0.1075,
      0.09708333333333333
    ],
    "macro_f1": [
      0.08657844352758101,
      0.07936574283391248,
      0.08158847351434606,
      0.09368166430599983,
      0.08870212996197221,
      0.08877903517380971,
      0.09026111247610544,
      0.08932344341862361,
      0.08300475964548316,
      0.0846772623169724,
      0.0970138748252702,
      0.09835155583468888,
      0.08468140667055898,
      0.0850250886625932,
      0.08652229334550858,
      0.08826316729304567,
      0.08737885311496528,
      0.08745078979512137,
      0.08136992995050832,
      0.08424895290791012,
      0.08006766589206435,
      0.08457651423520325,
      0.09018073230324632,
      0.07908197015258633,
      0.08795509959066819,
      0.0910447626223303,
      0.08374141617665185,
      0.0854748409894312,
      0.08640861756989353,
      0.08018199180075589,
      0.08369321238837787,
      0.07682539306289166,
      0.09787469352315933,
      0.09702764554496279,
      0.08971429365125823,
      0.09868721456956597,
      0.08746566571436418,
      0.08396878555667084,
      0.0962669678368104,
      0.08942099210815647,
      0.08887276884380725,
      0.09028558318247734,
      0.09336335902916948,
      0.09733375500647684,
      0.08964329914483794,
      0.10252960883845914,
      0.09056122210745077,
      0.09534976679381033,
      0.09009492976888339,
      0.08267249364738358
    ]
  },
  "val": {
    "loss": [
      1.48265624673743,
      1.2758507665834928,
      1.0125573246102584,
      0.893675468469921,
      0.8825938262437519,
      0.7902641421870181,
      0.7393504789001063,
      0.7724723910030565,
      0.6697418376019126,
      0.6560387799614354,
      0.6459696355618929,
      0.5964451745936745,
      0.5707747465685794,
      0.5660708593694788,
      0.5623268751721633,
      0.5286321922352439,
      0.4903598051322134,
      0.4816757926815434,
      0.5849127110682035,
      0.4577319057364213,
      0.44517257182221665,
      0.4375565020661605,
      0.4295526586080852,
      0.4198401491892965,
      0.35072461554878637,
      0.4197249992897636,
      0.36365383706594767,
      0.3858713178258193,
      0.40814276274881867,
      0.3315987022299516,
      0.34750445579227646,
      0.30003019539933456,
      0.29953811435323013,
      0.3044096678495407,
      0.2614615128228539,
      0.2644047846919612,
      0.2535520823378312,
      0.25617078181944397,
      0.2228222442300696,
      0.22107879111641332,
      0.23213612641158857,
      0.22910727482093007,
      0.20746339426228874,
      0.21253279008363424,
      0.20364992830314135,
      0.2036252739398103,
      0.19925736792777715,
      0.19639274909308083,
      0.1993277535626763,
      0.19808739149256757
    ],