{
  "train": {
    "loss": [
      2.6263171911239622,
      2.109287708600362,
      1.5019265937805175,
      1.2513990608851115,
      1.0911644677321115,
      0.9866351457436879,
      0.9258689526716868,
      0.8607278581460317,
      0.8137119388580323,
      0.7689862096309662,
      0.7310271521409353,
      0.7079563661416372,
      0.6716220420598984,
      0.64139952202638,
      0.6234294301271439,
      0.6070111048221588,
      0.5868726476033529,
      0.5709497688213984,
      0.5669524657726288,
      0.5642863444487254
    ],
    "det_acc_iou50": [
      0.0,
      0.13333333333333333,
      0.5491666666666667,
      0.6920833333333334,
      0.7745833333333333,
      0.8441666666666666,
      0.8595833333333334,
      0.8833333333333333,
      0.8979166666666667,
      0.9075,
      0.9220833333333334,
      0.9333333333333333,
      0.9408333333333333,
      0.9495833333333333,
      0.95375,
      0.9633333333333334,
      0.9675,
      0.9675,
      0.9691666666666666,
      0.9720833333333333
    ],
    "mean_bbox_iou": [
      0.0006463905327910879,
      0.13791342559247066,
      0.44621288816134136,
      0.5298993400732677,
      0.5933649756511052,
      0.6393268209695816,
      0.6626524098714193,
      0.6930622724692027,
      0.7180288795630138,
      0.7364855515956878,
      0.7536404144763946,
      0.7693549565474193,
      0.7826018261909485,
      0.7991671534379323,
      0.8050538734594981,
      0.8169906091690063,
      0.8232605369885763,
      0.8289207073052725,
      0.8308748749891917,
      0.8341472375392914
    ],
    "top1_acc": [
      0.09458333333333334,
      0.09833333333333333,
      0.10708333333333334,
      0.08916666666666667,
      0.0875,
      0.09583333333333334,
      0.10333333333333333,
      0.09958333333333333,
      0.11541666666666667,
      0.1,
      0.08833333333333333,
      0.09916666666666667,
      0.08916666666666667,
      0.09416666666666666,
      0.09958333333333333,
      0.09583333333333334,
      0.10583333333333333,
      0.095,
      0.10125,
      0.10583333333333333
    ],
    "macro_f1": [
      0.07866746048387271,
      0.08379883110071551,
      0.09023385739286423,
      0.07435755928056578,
      0.07024878459503134,
      0.07788208499529706,
      0.08538589537675556,
      0.08076068926935606,
      0.09613737063651465,
      0.08276773692559426,
      0.073278402979344,
      0.08452243114254718,
      0.07176288390496713,
      0.07699913689092663,
      0.0849758979700116,
      0.07807376955336148,
      0.08583225730546473,
      0.08223052283992008,
      0.08516313202315402,
      0.08899033809720085
    ]
  },
  "val": {
    "loss": [
      2.4817976474761965,
      1.633766883611679,
      1.2854768574237823,
      1.1252666801214217,
      1.015164116024971,
      1.0090531796216964,
      0.8495607107877732,
      0.7487643033266067,
      0.7506212592124939,
      0.7194621711969376,
      0.6196469128131866,
      0.6264017343521118,
      0.5865328565239907,
      0.5526897937059403,
      0.5342276275157929,
      0.5342199295759201,
      0.5026976391673088,
      0.49467635303735735,
      0.488944847881794,
      0.49383645951747895
    ],
    "det_acc_iou50": [
      0.0,
      0.46875,
      0.734375,
      0.725,
      0.871875,
      0.871875,
      0.91875,
      0.903125,
      0.915625,
      0.959375,
      0.9625,
      0.965625,
      0.99375,
      0.99375,
      0.996875,
      0.984375,
      0.99375,
      0.9875,
      0.9875,
      0.9875
    ],
    "mean_bbox_iou": [
      0.0007070166592882288,
      0.4064272478222847,
      0.5615754589438439,
      0.5647536620497704,
      0.6157892882823944,
      0.6249013185501099,
      0.7123362749814988,
      0.7381311744451523,
      0.7381719022989273,
      0.7749838709831238,
      0.8160187661647796,
      0.8001539289951325,
      0.8372036904096604,
      0.8411252945661545,
      0.8506857335567475,
      0.8394802004098892,
      0.862298172712326,
      0.8604286640882493,
      0.8572626560926437,
      0.857144045829773
    ],
    "top1_acc": [
      0.10625,
      0.096875,
      0.1,
      0.109375,
      0.1125,
      0.1,
      0.09375,
      0.1,
      0.103125,
      0.109375,
      0.1125,
      0.1,
      0.08125,
      0.090625,
      0.103125,
      0.109375,
      0.090625,
      0.09375,
      0.090625,
      0.09375
    ],
    "macro_f1": [
      0.052486070539868014,
      0.06906011893548246,
      0.056699652969380364,
      0.06383802642700312,
      0.060329344044406166,
      0.03411476288975714,
      0.04077792245978074,
      0.04418620071231908,
      0.06956623307924263,
      0.052032389532389534,
      0.08381864182920132,
      0.05058353554907191,
      0.048312119364750945,
      0.0457717749220503,
      0.050730273767656944,
      0.06678929752757065,
      0.04992777519412619,
      0.057610780711735796,
      0.04618127365599699,
      0.054039653911608775
    ]
  }
}