{
  "train": {
    "loss": [
      2.032803157965342,
      1.3361467504501343,
      1.1443369130293528,
      1.0651651553312937,
      0.9895225568612417,
      0.9077134569485982,
      0.8614269518852233,
      0.8188131678104401,
      0.777834464708964,
      0.7570144351323446,
      0.7325110340118408,
      0.7035946945349375,
      0.6789527257283529,
      0.6494582839806875,
      0.6312917113304138,
      0.5987636892000834,
      0.5767219336827596,
      0.5598906530936559,
      0.5495855100949605,
      0.5310987790425619,
      0.5151786975065867,
      0.4884698480367661,
      0.4835902961095174,
      0.46068274895350136,
      0.44371711293856303,
      0.43887929399808245,
      0.4226047694683075,
      0.4138071811199188,
      0.40590505162874857,
      0.39213131487369535,
      0.376993147333463,
      0.3745380890369415,
      0.352599309583505,
      0.3483318896094958,
      0.3338382863005002,
      0.3204056269923846,
      0.3149973144133886,
      0.3002803599834442,
      0.2898505077759425,
      0.27716356337070464,
      0.26814147373040514,
      0.26202203512191774,
      0.25480217705170316,
      0.24388762027025224,
      0.24173449377218884,
      0.23762513925631842,
      0.2300260188182195,
      0.23326950877904892,
      0.22747715830802917,
      0.2280468429128329
    ],
    "det_acc_iou50": [
      0.2816666666666667,
      0.665,
      0.7954166666666667,
      0.8233333333333334,
      0.8533333333333334,
      0.8879166666666667,
      0.89,
      0.9120833333333334,
      0.9154166666666667,
      0.9191666666666667,
      0.9304166666666667,
      0.9379166666666666,
      0.9345833333333333,
      0.9558333333333333,
      0.9475,
      0.9604166666666667,
      0.9625,
      0.9666666666666667,
      0.9716666666666667,
      0.97375,
      0.9745833333333334,
      0.9791666666666666,
      0.9779166666666667,
      0.98125,
      0.9825,
      0.9841666666666666,
      0.985,
      0.9854166666666667,
      0.9866666666666667,
      0.9891666666666666,
      0.9895833333333334,
      0.9933333333333333,
      0.9925,
      0.9925,
      0.99125,
      0.9929166666666667,
      0.9933333333333333,
      0.9929166666666667,
      0.995,
      0.9933333333333333,
      0.995,
      0.9941666666666666,
      0.9958333333333333,
      0.9958333333333333,
      0.995,
      0.9970833333333333,
      0.99625,
      0.9966666666666667,
      0.9958333333333333,
      0.9954166666666666
    ],
    "mean_bbox_iou": [
      0.2515179958820393,
      0.5204601552089055,
      0.5988203072547913,
      0.6321357683340708,
      0.6558415565888087,
      0.6896709179878235,
      0.7009291450182596,
      0.720118735631307,
      0.7359643959999085,
      0.7450194025039673,
      0.7600584240754445,
      0.76934814453125,
      0.7748498257001241,
      0.7964138317108155,
      0.7965576295057932,
      0.8166480986277262,
      0.822831403017044,
      0.8272657910982768,
      0.8362667469183603,
      0.8421163578828176,
      0.8470556791623434,
      0.856302699247996,
      0.8565516344706218,
      0.8631498920917511,
      0.872048576672872,
      0.871786029736201,
      0.8783410398165384,
      0.8800991332530975,
      0.8811045658588409,
      0.887963913679123,
      0.8905637196699778,
      0.8924152290821076,
      0.8990776562690734,
      0.9003957537810008,
      0.9044060826301574,
      0.9080006873607636,
      0.9096082985401154,
      0.9132006772359212,
      0.9176096296310425,
      0.9186783595879873,
      0.9223341433207194,
      0.9245319652557373,
      0.9268583965301513,
      0.9287118856112162,
      0.9296216503779093,
      0.9309736529986063,
      0.932383048137029,
      0.9316121482849121,
      0.933865498304367,
      0.9321174041430156
    ],
    "top1_acc": [
      0.09541666666666666,
      0.1,
      0.09666666666666666,
      0.09125,
      0.10083333333333333,
      0.09791666666666667,
      0.09458333333333334,
      0.09666666666666666,
      0.09125,
      0.09166666666666666,
      0.0975,
      0.105,
      0.095,
      0.09458333333333334,
      0.09583333333333334,
      0.10375,
      0.10416666666666667,
      0.10041666666666667,
      0.09625,
      0.09,
      0.10458333333333333,
      0.09916666666666667,
      0.09125,
      0.09083333333333334,
      0.0925,
      0.09583333333333334,
      0.08791666666666667,
      0.11041666666666666,
      0.11375,
      0.09416666666666666,
      0.09208333333333334,
      0.09875,
      0.10583333333333333,
      0.09375,
      0.10291666666666667,
      0.10625,
      0.09958333333333333,
      0.09125,
      0.09375,
      0.10458333333333333,
      0.09625,
      0.09375,
      0.08958333333333333,
      0.0925,
      0.095,
      0.09041666666666667,
      0.10541666666666667,
      0.09041666666666667,
      0.09458333333333334,
      0.09708333333333333
    ],
    "macro_f1": [
      0.07444544143201619,
      0.07430276289878338,
      0.07712366641003296,
      0.0732017837427114,
      0.08071847741971445,
      0.07478905065052563,
      0.07031744687260028,
      0.07477903710169923,
      0.06715044357266345,
      0.06935840297432554,
      0.07537099154543447,
      0.08376096140045977,
      0.07441073583328628,
      0.075031941351586,
      0.07281119886813617,
      0.07805636369493925,
      0.07817504481150014,
      0.07619180847860538,
      0.07576530015467461,
      0.06756635889790473,
      0.08182864619161193,
      0.07863173672846824,
      0.06867758781979505,
      0.07229511388431968,
      0.06989233483875265,
      0.07366476700758177,
      0.06870361286939537,
      0.08467806366810172,
      0.08808102192136191,
      0.07350354229625952,
      0.07581022701243863,
      0.07653897074019607,
      0.08213757336995406,
      0.07126856590716951,
      0.08097483239558663,
      0.08250513118691137,
      0.0751203315293242,
      0.06717448222476582,
      0.07475401780838595,
      0.08233826886212756,
      0.07441310326135944,
      0.07408516963204721,
      0.06811419849171262,
      0.07180914675277351,
      0.07290795655689074,
      0.06369210747320937,
      0.07989544313117673,
      0.07051147734771113,
      0.06976066516586424,
      0.07364347443599943
    ]
  },
  "val": {
    "loss": [
      1.4208419950384843,
      1.1344087186612581,
      1.1397024518565129,
      0.899773055001309,
      0.8917853549907082,
      0.8424455147040518,
      0.7786474102421811,
      0.7375194179384332,
      0.7083382386910287,
      0.7413703328684756,
      0.6898050214114942,
      0.5967373173487814,
      0.6568273462747273,
      0.6488722594160783,
      0.5630281332292055,
      0.5850573370331212,
      0.5142725439448106,
      0.4801130153630909,
      0.4804539649110091,
      0.47733888814323827,
      0.4545380551564066,
      0.44263186423402084,
      0.4377876143706472,
      0.390409275105125,
      0.40067019431214584,
      0.3776419052952214,
      0.35560910090019826,
      0.4069713487436897,
      0.349893287608498,
      0.3307350826890845,
      0.30940212466214834,
      0.3214564252840845,
      0.31518914432902084,
      0.3113981736333747,
      0.29553950538760737,
      0.2881827770095122,
      0.27558309780923945,
      0.26302306118764374,
      0.24924048310831973,
      0.24919425500066658,
      0.24512572586536407,
      0.24131162621473012,
      0.22655817631043887,
      0.2242187489020197,
      0.21597215768538022,
      0.2183780129018583,
      0.21981350606993624,
      0.21297825716043772,
      0.213679070535459,
      0.21526348277142174
    ],