{
  "train": {
    "loss": [
      2.039549237092336,
      1.3327526036898296,
      1.1396037006378175,
      1.0582838161786396,
      0.9817959010601044,
      0.9123552048206329,
      0.8676251888275146,
      0.8189479426542918,
      0.7836172731717428,
      0.7598718849817911,
      0.7360225292046865,
      0.7006188495953878,
      0.6734449056784312,
      0.6541364049911499,
      0.6288399374485016,
      0.6046576029062272,
      0.5868678536017736,
      0.566780901948611,
      0.5561379178365071,
      0.5314559892813364,
      0.5128421221176783,
      0.5066935443878173,
      0.4871800500154495,
      0.46134334524472553,
      0.44982258101304373,
      0.4415737799803416,
      0.41976780196030933,
      0.416774472395579,
      0.4114136502146721,
      0.39375553647677103,
      0.3697627045710882,
      0.3694958756367365,
      0.3602022363742193,
      0.35001496265331905,
      0.3380519499381383,
      0.3223237622777621,
      0.3133475720882416,
      0.300874288380146,
      0.2894746635357539,
      0.2759519782662392,
      0.26536180237929025,
      0.2620011873046557,
      0.2527171337604523,
      0.24979054689407348,
      0.24236362924178442,
      0.23584530303875606,
      0.23108515560626983,
      0.23441202998161315,
      0.22885609885056812,
      0.22899449437856675
    ],
    "det_acc_iou50": [
      0.2783333333333333,
      0.6758333333333333,
      0.7983333333333333,
      0.8379166666666666,
      0.86,
      0.8820833333333333,
      0.89375,
      0.90625,
      0.9245833333333333,
      0.9154166666666667,
      0.9254166666666667,
      0.9379166666666666,
      0.9475,
      0.955,
      0.95,
      0.96,
      0.9629166666666666,
      0.965,
      0.9641666666666666,
      0.9720833333333333,
      0.9795833333333334,
      0.9766666666666667,
      0.9770833333333333,
      0.9825,
      0.9833333333333333,
      0.98625,
      0.985,
      0.9866666666666667,
      0.9891666666666666,
      0.9879166666666667,
      0.9891666666666666,
      0.9933333333333333,
      0.99125,
      0.9904166666666666,
      0.9920833333333333,
      0.99125,
      0.9929166666666667,
      0.9916666666666667,
      0.9958333333333333,
      0.9941666666666666,
      0.9945833333333334,
      0.9954166666666666,
      0.9941666666666666,
      0.9958333333333333,
      0.995,
      0.9958333333333333,
      0.9958333333333333,
      0.99625,
      0.99625,
      0.9966666666666667
    ],
    "mean_bbox_iou": [
      0.24855390474566472,
      0.5277631324529648,
      0.6055086028575897,
      0.6360324231783548,
      0.6614426875114441,
      0.6787742185592651,
      0.7012901570399602,
      0.7213891224066417,
      0.7404885844389597,
      0.7434596312046051,
      0.7539617049694062,
      0.7708620433012644,
      0.7815352157751719,
      0.7934474233786265,
      0.7984493414560954,
      0.8130458168188731,
      0.8182020433743795,
      0.8263947447141011,
      0.83069114168485,
      0.8384476379553477,
      0.8498004241784414,
      0.8499077479044597,
      0.8566057900587718,
      0.8662733093897501,
      0.8692896640300751,
      0.8736304616928101,
      0.87979545434316,
      0.8798463098208109,
      0.8822153651714325,
      0.8881047944227854,
      0.8938053687413533,
      0.8959987966219584,
      0.8955843158562978,
      0.8993748978773752,
      0.9042351579666138,
      0.906988609234492,
      0.9099512354532877,
      0.9135534751415253,
      0.9178497322400411,
      0.9198016166687012,
      0.9231986514727275,
      0.9247266117731731,
      0.926829746166865,
      0.9277955142656962,
      0.929808322985967,
      0.9311615649859111,
      0.9324390431245168,
      0.9319913852214813,
      0.9332019869486491,
      0.9332790120442709
    ],
    "top1_acc": [
      0.09791666666666667,
      0.09875,
      0.09875,
      0.09625,
      0.09791666666666667,
      0.08916666666666667,
      0.09083333333333334,
      0.105,
      0.09583333333333334,
      0.095,
      0.09833333333333333,
      0.1,
      0.10208333333333333,
      0.10541666666666667,
      0.11,
      0.105,
      0.10916666666666666,
      0.11,
      0.10208333333333333,
      0.09458333333333334,
      0.1025,
      0.10666666666666667,
      0.0975,
      0.09541666666666666,
      0.09166666666666666,
      0.09916666666666667,
      0.09416666666666666,
      0.11666666666666667,
      0.11708333333333333,
      0.10458333333333333,
      0.09625,
      0.1025,
      0.10666666666666667,
      0.10083333333333333,
      0.10583333333333333,
      0.10708333333333334,
      0.10208333333333333,
      0.09458333333333334,
      0.09541666666666666,
      0.09875,
      0.10958333333333334,
      0.10541666666666667,
      0.09,
      0.09583333333333334,
      0.10625,
      0.0925,
      0.10375,
      0.09166666666666666,
      0.09583333333333334,
      0.10416666666666667
    ],
    "macro_f1": [
      0.07449488258912469,
      0.07413871863315055,
      0.07732012063500254,
      0.0764257779988111,
      0.07765399788439806,
      0.06726630044672646,
      0.07141978859850921,
      0.08108984232877695,
      0.07034900643371815,
      0.0713551232119598,
      0.07295172068468085,
      0.07956836432625503,
      0.07776732199097328,
      0.08041098167214297,
      0.08259380547218988,
      0.07879456569597887,
      0.0829031529293481,
      0.08166366906964354,
      0.07585147251493589,
      0.06966366271530777,
      0.07975270295050746,
      0.07924827151282696,
      0.07159495593669782,
      0.07389248016387065,
      0.07050369220589797,
      0.07466931945174539,
      0.07116006451046006,
      0.08716657784740448,
      0.09032187317437464,
      0.08091331444399992,
      0.07478238665873232,
      0.08047282956754151,
      0.0813395161877951,
      0.07907619898801,
      0.0827439255553479,
      0.0833964169210675,
      0.07464636827667238,
      0.06810831830668308,
      0.07610921366820964,
      0.07502407380830396,
      0.08480859612255591,
      0.08456422758936571,
      0.06731138766788065,
      0.07088232951089188,
      0.0805331551328786,
      0.0659526316534976,
      0.07507965967898161,
      0.07220828874003755,
      0.06967126049311101,
      0.07424270897198382
    ]
  },
  "val": {
    "loss": [
      1.4312364364925183,
      1.1366243080088967,
      1.0428944920238696,
      0.8968612488947416,
      0.860639888989298,
      0.8169382026321009,
      0.8011401483887121,
      0.7462405531029952,
      0.7211158087379054,
      0.6819837783512316,
      0.6509076231404355,
      0.6169892533829338,
      0.5853368859542044,
      0.6071929068941819,
      0.5741136434831118,
      0.548363773446334,
      0.49958082562998724,
      0.5105388682139548,
      0.5474668568686435,
      0.496915235331184,
      0.4434239785922201,
      0.4241450177995782,
      0.40303536857429306,
      0.42669344654208735,
      0.41213869264251307,
      0.380566091913926,
      0.35186874239068283,
      0.34892180091456365,
      0.3530894345358798,
      0.3289417553889124,
      0.3666948119276448,
      0.350066308912478,
      0.3636279992367092,
      0.3105596492165013,
      0.2973570847197583,
      0.2760139805705924,
      0.2550216874009685,
      0.2585798039248115,
      0.25380892110498326,
      0.24143641716555544,
      0.2388387071458917,
      0.24570125184561076,
      0.22268419203005338,
      0.22344079966607847,
      0.21653335502273158,
      0.220028817653656,
      0.2165881509059354,
      0.2120851035180845,
      0.21131722119293714,
      0.21335265471747047
    ],