{
  "model": "rgb_v2",
  "dataset": "dataset/dataset_v1/test",
  "weights": "_combined_issue/weights/rgb_v2/s2/default/best_model.pth",
  "total_samples": 3450,
  "image_classifier_top1_percent": 79.5072463768116,
  "classification_macro_f1": 0.7958592416681822,
  "detector_class_top1_percent": 81.01449275362319,
  "detection_acc_iou50_percent": 91.36231884057972,
  "mean_bbox_iou": 0.8048182089874636,
  "segmentation_miou": 0.8473557651354966,
  "segmentation_hand_iou": 0.7053099711910574,
  "segmentation_background_iou": 0.9894015590799357,
  "segmentation_dice": 0.8271926900168659,
  "speed_throughput_fps": 381.54081439148985,
  "speed_avg_image_latency_ms": 2.6209515791773828,
  "speed_avg_batch_latency_ms": 20.93078427399268,
  "speed_warmup_batches": 5,
  "speed_measured_batches": 427,
  "speed_measured_images": 3410
}