{
  "model": "rgb_v2",
  "dataset": "dataset/dataset_v1/test",
  "weights": "weights/rgb_v2/s2/default/best_model.pth",
  "total_samples": 3450,
  "image_classifier_top1_percent": 81.79710144927537,
  "classification_macro_f1": 0.8214709212636908,
  "detector_class_top1_percent": 84.69565217391303,
  "detection_acc_iou50_percent": 93.3623188405797,
  "mean_bbox_iou": 0.8360929067285758,
  "segmentation_miou": 0.8534962444655095,
  "segmentation_hand_iou": 0.7173205470220814,
  "segmentation_background_iou": 0.9896719419089377,
  "segmentation_dice": 0.8353950557057628,
  "speed_throughput_fps": 574.9877614103117,
  "speed_avg_image_latency_ms": 1.7391674520988618,
  "speed_avg_batch_latency_ms": 13.888901666644307,
  "speed_warmup_batches": 5,
  "speed_measured_batches": 427,
  "speed_measured_images": 3410
}