{
  "train": {
    "loss": [
      2.564186226526896,
      1.6522603710492452,
      1.2259918649991353,
      1.0374368087450663,
      0.9432343745231628,
      0.8823467055956523,
      0.8261128556728363,
      0.7829991785685221,
      0.7629827825228374,
      0.7552484126885732
    ],
    "det_acc_iou50": [
      0.0008333333333333334,
      0.40958333333333335,
      0.7145833333333333,
      0.8170833333333334,
      0.8575,
      0.8725,
      0.89125,
      0.9079166666666667,
      0.91375,
      0.92125
    ],
    "mean_bbox_iou": [
      0.0024739488164618705,
      0.3575533167250978,
      0.5445045548677444,
      0.6245791461070379,
      0.6645261935393015,
      0.6885647602876027,
      0.7113328512509663,
      0.7362396093209584,
      0.7478605349858601,
      0.7514783644676208
    ],
    "top1_acc": [
      0.105,
      0.09458333333333334,
      0.10666666666666667,
      0.09541666666666666,
      0.10166666666666667,
      0.095,
      0.09958333333333333,
      0.10625,
      0.11041666666666666,
      0.09791666666666667
    ],
    "macro_f1": [
      0.07134014262267206,
      0.06912183256286794,
      0.07545378072785183,
      0.06487456235997749,
      0.0737028896243243,
      0.06394765364159168,
      0.06598181056354825,
      0.07015614129529088,
      0.07400841601442998,
      0.0634405909001042
    ]
  },
  "val": {
    "loss": [
      2.144411051273346,
      1.3611522436141967,
      1.060573834180832,
      0.944979727268219,
      0.8825428545475006,
      0.8198783218860626,
      0.7512225180864334,
      0.7089782238006592,
      0.6811469405889511,
      0.6754578411579132
    ],
    "det_acc_iou50": [
      0.01875,
      0.61875,
      0.803125,
      0.91875,
      0.9,
      0.9125,
      0.95,
      0.965625,
      0.959375,
      0.95
    ],
    "mean_bbox_iou": [
      0.05862696757540107,
      0.5090956345200539,
      0.6079111441969871,
      0.6876701802015305,
      0.7077491044998169,
      0.7287549108266831,
      0.7730006843805313,
      0.8001500457525254,
      0.8039469450712204,
      0.7970360428094864
    ],
    "top1_acc": [
      0.096875,
      0.096875,
      0.109375,
      0.128125,
      0.121875,
      0.11875,
      0.10625,
      0.103125,
      0.10625,
      0.103125
    ],
    "macro_f1": [
      0.0540580409175781,
      0.05394694405754945,
      0.060179567279879664,
      0.06449119303041459,
      0.06429177268871925,
      0.0556496555938598,
      0.04716925351071692,
      0.05257805686377115,
      0.04711703032704294,
      0.045073593073593064
    ]
  }
}