{
  "model": "rgb_v1",
  "dataset": "dataset/dataset_v1/test",
  "weights": "weights/rgb_v1/s2/default/best_model.pth",
  "total_samples": 3450,
  "image_classifier_top1_percent": 84.31884057971014,
  "classification_macro_f1": 0.8443026212624348,
  "detector_class_top1_percent": 85.97101449275362,
  "detection_acc_iou50_percent": 92.95652173913044,
  "mean_bbox_iou": 0.8230176728212636,
  "segmentation_miou": 0.8453458280225359,
  "segmentation_hand_iou": 0.70154603767816,
  "segmentation_background_iou": 0.9891456183669118,
  "segmentation_dice": 0.8245983618938136,
  "speed_throughput_fps": 566.729702053916,
  "speed_avg_image_latency_ms": 1.7645096002130214,
  "speed_avg_batch_latency_ms": 14.09128275579954,
  "speed_warmup_batches": 5,
  "speed_measured_batches": 427,
  "speed_measured_images": 3410
}