{
  "model": "rgb_v1",
  "dataset": "dataset/dataset_v1/test",
  "weights": "_combined_issue/weights/rgb_v1/s2/default/best_model.pth",
  "total_samples": 3450,
  "image_classifier_top1_percent": 71.91304347826087,
  "classification_macro_f1": 0.6984280682940073,
  "detector_class_top1_percent": 78.55072463768116,
  "detection_acc_iou50_percent": 92.57971014492755,
  "mean_bbox_iou": 0.8028889054340898,
  "segmentation_miou": 0.8793786104165053,
  "segmentation_hand_iou": 0.7665043688088687,
  "segmentation_background_iou": 0.9922528520241418,
  "segmentation_dice": 0.8678205186955895,
  "speed_throughput_fps": 627.4295974941845,
  "speed_avg_image_latency_ms": 1.5938043152471282,
  "speed_avg_batch_latency_ms": 12.728039145181985,
  "speed_warmup_batches": 5,
  "speed_measured_batches": 427,
  "speed_measured_images": 3410
}