{
  "train_loss": [
    3.2961770502726235,
    2.6809692668914793,
    2.3870815992355348,
    2.1250051323572796,
    1.9057618888219197,
    1.707392144203186,
    1.5820168511072794,
    1.4693902730941772,
    1.3544022035598755,
    1.2507121753692627,
    1.1628453167279562,
    1.101348300774892,
    0.9999280087153117,
    0.9189039484659831,
    0.874084378083547,
    0.8010307312011719,
    0.7549509255091349,
    0.7026878873507182,
    0.6826324967543284,
    0.6880835652351379
  ],
  "val_loss": [
    2.865589737892151,
    2.474421739578247,
    1.9284813761711121,
    2.203187370300293,
    1.728399133682251,
    2.0104370713233948,
    1.3802553057670592,
    1.275397652387619,
    1.0201561093330382,
    0.8595789074897766,
    0.9438695132732391,
    1.0280338406562806,
    0.6432720243930816,
    0.5695793896913528,
    0.5503531068563461,
    0.5323004275560379,
    0.48858424127101896,
    0.4795399785041809,
    0.47206508815288545,
    0.4699011355638504
  ],
  "train_miou": [
    0.6503039203589535,
    0.8068380934534765,
    0.8267951810336974,
    0.8445640747780403,
    0.8480197834655583,
    0.857484343618968,
    0.8698797001149874,
    0.876793578086815,
    0.8841648370690189,
    0.8875521104751869,
    0.8971055514807836,
    0.900569290554671,
    0.9059740755640999,
    0.9117869330215458,
    0.9158878509087833,
    0.9195687302820972,
    0.9219191571208396,
    0.9236093175546931,
    0.9250963269625183,
    0.9249575614803963
  ],
  "val_miou": [
    0.8045030038498509,
    0.8344817876021315,
    0.8423895225071419,
    0.7380316737440864,
    0.8372055173831618,
    0.7227076043324382,
    0.8415357728782566,
    0.8794472602252327,
    0.8936917154434975,
    0.9059268570415469,
    0.8997545648311325,
    0.909450346256081,
    0.9199799796707782,
    0.9208330248979681,
    0.922184494523411,
    0.921427693679107,
    0.9244068971851915,
    0.9248427649544864,
    0.9254746053294007,
    0.9253398045264267
  ],
  "train_hand_iou": [
    0.3382247309655099,
    0.6252796994428983,
    0.6638675905924539,
    0.698240942862367,
    0.7049163903174777,
    0.7232810802292349,
    0.7473001777461685,
    0.7606607779565373,
    0.7749586246460766,
    0.7815161964497503,
    0.8000310732532872,
    0.8067363685174106,
    0.8172531128203384,
    0.8285211692523075,
    0.8364833442401367,
    0.8436226195845403,
    0.8481827289890806,
    0.8514624004805276,
    0.8543561337716097,
    0.8540872294095665
  ],
  "train_background_iou": [
    0.9623831097523969,
    0.9883964874640547,
    0.9897227714749409,
    0.9908872066937137,
    0.9911231766136388,
    0.9916876070087011,
    0.9924592224838062,
    0.9929263782170926,
    0.9933710494919612,
    0.9935880245006236,
    0.9941800297082801,
    0.9944022125919315,
    0.9946950383078614,
    0.9950526967907842,
    0.99529235757743,
    0.9955148409796541,
    0.9956555852525987,
    0.9957562346288585,
    0.995836520153427,
    0.9958278935512261
  ],
  "val_hand_iou": [
    0.619954878023067,
    0.6787049654969387,
    0.6935626284437797,
    0.49012917659290156,
    0.683080667782142,
    0.45977182986595294,
    0.6913728732352465,
    0.7653804731429662,
    0.7931147666975153,
    0.8170662659827712,
    0.8050337669397709,
    0.8237569094149274,
    0.8443151503216229,
    0.8459865304292872,
    0.8487164997480071,
    0.8470891737832318,
    0.8529130640663638,
    0.8537383934312152,
    0.8550034410030881,
    0.8547544289600043
  ],
  "val_background_iou": [
    0.9890511296766348,
    0.9902586097073245,
    0.9912164165705042,
    0.9859341708952712,
    0.9913303669841815,
    0.9856433787989235,
    0.9916986725212669,
    0.9935140473074991,
    0.9942686641894796,
    0.9947874481003225,
    0.994475362722494,
    0.9951437830972345,
    0.9956448090199335,
    0.9956795193666492,
    0.9956524892988148,
    0.9957662135749822,
    0.9959007303040193,
    0.9959471364777577,
    0.9959457696557134,
    0.995925180092849
  ],
  "train_dice": [
    0.5054827087547331,
    0.7694425761390205,
    0.7979812748874691,
    0.8223108102499158,
    0.8269219468131374,
    0.8394232241359283,
    0.8553769836046218,
    0.8640628421783524,
    0.8732131711527663,
    0.8773607537300814,
    0.8889080695783218,
    0.8930316371274579,
    0.8994378461148749,
    0.9062199368368203,
    0.9109620807219899,
    0.9151792895388215,
    0.9178559194230971,
    0.9197728241843198,
    0.9214585248346214,
    0.9213021004211871
  ],
  "val_dice": [
    0.7653977112987702,
    0.8086054183988489,
    0.8190575498009148,
    0.6578344807844847,
    0.8117028266770634,
    0.6299228693955172,
    0.817528629169502,
    0.8670997383134453,
    0.8846224250980224,
    0.8993246765723825,
    0.8919874870868637,
    0.9033626193955792,
    0.9155866340678122,
    0.9165684759710047,
    0.9181683615240012,
    0.9172152441868444,
    0.9206185445037328,
    0.9210991113486845,
    0.9218348840805894,
    0.9216901338677824
  ],
  "train_acc": [
    0.10833333333333334,
    0.1725,
    0.30291666666666667,
    0.39708333333333334,
    0.4845833333333333,
    0.5420833333333334,
    0.5758333333333333,
    0.625,
    0.6466666666666666,
    0.6833333333333333,
    0.7204166666666667,
    0.73625,
    0.775,
    0.7966666666666666,
    0.8058333333333333,
    0.8233333333333334,
    0.8420833333333333,
    0.85375,
    0.85875,
    0.8516666666666667
  ],
  "val_acc": [
    0.11333333333333333,
    0.24,
    0.5633333333333334,
    0.44333333333333336,
    0.49333333333333335,
    0.5266666666666666,
    0.6866666666666666,
    0.6866666666666666,
    0.7266666666666667,
    0.8,
    0.7633333333333333,
    0.7666666666666667,
    0.8866666666666667,
    0.9,
    0.8933333333333333,
    0.91,
    0.9133333333333333,
    0.9166666666666666,
    0.91,
    0.9166666666666666
  ],
  "train_macro_f1": [
    0.10494467079304473,
    0.15339356894777323,
    0.2939607840193586,
    0.38732810536113366,
    0.47578848014531205,
    0.5386523706224176,
    0.5693226837103925,
    0.6220224851818832,
    0.6455643031053233,
    0.6823459616273821,
    0.7198414450700229,
    0.7358173645124493,
    0.7753159283736265,
    0.7967369090593787,
    0.8056486756979397,
    0.8232168802548638,
    0.842196852530452,
    0.8539286546305183,
    0.8584496383022874,
    0.8518244356272924
  ],
  "val_macro_f1": [
    0.04555984555984556,
    0.162688475115557,
    0.5276163124121407,
    0.40920082155998844,
    0.44705554590235214,
    0.5455131728291145,
    0.6925222731761171,
    0.6838332272226334,
    0.7231551240663731,
    0.8017390592158999,
    0.7568034996333362,
    0.7523209628507168,
    0.8875884317496634,
    0.9010654050457221,
    0.8926542548029699,
    0.9093478737292561,
    0.9127688307860721,
    0.9162745530494473,
    0.9091979222937804,
    0.9161829425671059
  ],
  "train_det_acc_iou50": [
    0.7583333333333333,
    0.8104166666666667,
    0.8408333333333333,
    0.8791666666666667,
    0.9025,
    0.9179166666666667,
    0.9329166666666666,
    0.93625,
    0.9445833333333333,
    0.9495833333333333,
    0.9583333333333334,
    0.9629166666666666,
    0.9695833333333334,
    0.96875,
    0.97875,
    0.97875,
    0.9820833333333333,
    0.9820833333333333,
    0.9795833333333334,
    0.9825
  ],
  "val_det_acc_iou50": [
    0.86,
    0.8266666666666667,
    0.9233333333333333,
    0.84,
    0.92,
    0.8366666666666667,
    0.9533333333333334,
    0.9833333333333333,
    0.9833333333333333,
    0.9766666666666667,
    0.9933333333333333,
    0.9933333333333333,
    0.9966666666666667,
    0.9966666666666667,
    0.9933333333333333,
    0.9966666666666667,
    1.0,
    0.9966666666666667,
    0.9966666666666667,
    0.9966666666666667
  ],